Community,Region,Latitude,Longitude,Water Quality,Distance to Nearest River (km),Is Mining Zone,Contamination Level,Contamination Type,Water Source,Water Access Score,Number of Children,Population,Average Daily Water Needs (liters),Prevalence of Water Borne Diseases,Accessibility,Urban/Rural,Sanitation Facilities Available,Average Household Income (GHS),Education Level (Avg Years),Government Intervention Present,NGO Presence,Year Data Collected
Wa port,North East,10.246253353128413,-0.12195246507491109,0,10.8,1,7.02,Sediment,Sachet water,1.6,12119,37100,742000,0.3,Boat access only,Urban,0,1168,4.9,0,1,2018
Bawku view,Western,5.172393683603773,-2.5122350667449442,1,2.4,0,0.62,None,Pipe-borne,4.9,5059,18574,92870,0.261,Dirt road,Rural,0,4185,3.6,1,0,2015
Hohoe stad,Upper West,10.199717924203505,-2.293461255955507,1,1.1,0,1.72,None,Dam,6.2,11396,31007,527119,0.104,Boat access only,Rural,1,4870,7.6,0,0,2016
Madina ville,North East,10.662465493849352,-0.774930772781895,1,19.3,0,0.4,None,Stream,7.0,4423,14068,168816,0.276,Footpath,Urban,1,3841,9.2,0,0,2023
Obuasi stad,Savannah,9.022541999408388,-1.7524026531704084,1,17.9,0,1.61,None,Rainwater,5.8,4332,14295,243015,0.276,Asphalt road,Rural,1,4245,6.4,0,0,2021
Madina side,Western,5.763600557260113,-2.389211408351032,0,7.1,1,9.24,Bacteria,Pipe-borne,4.9,1729,6475,116550,0.11549999999999999,Footpath,Urban,1,2329,5.8,0,0,2018
Kumasi haven,Ashanti,6.836532340116603,-1.6321876443869603,0,6.7,1,7.23,Parasites,Lake,9.8,3917,13666,68330,0.1695,Footpath,Rural,1,4352,5.2,1,0,2023
Ho port,North East,10.404366720012845,-0.1664252431541593,1,2.2,0,3.76,Parasites,River,1.2,8226,33596,201576,0.285,Footpath,Rural,1,2446,9.7,1,1,2018
Ho view,Bono,7.489801551484833,-2.854714264747652,1,19.2,0,2.19,Bacteria,River,3.9,917,2822,42330,0.129,Asphalt road,Rural,0,1143,7.2,0,0,2023
Tema stad,Oti,8.30872379309149,0.388430031689359,1,6.0,0,1.78,None,Borehole,7.2,6592,17126,154134,0.285,Footpath,Rural,0,3496,6.5,0,0,2020
Sekondi port,Western,5.302070759376959,-2.9147828035133365,0,5.1,1,3.92,Viruses,Well,1.4,4386,17722,318996,0.21749999999999997,Seasonal road,Rural,0,2063,3.6,0,0,2021
Techiman ton,Bono,7.265301896965208,-2.735153597721696,1,17.6,0,0.55,None,Well,3.0,1469,4655,27930,0.27,Dirt road,Rural,1,3840,8.2,0,0,2015
Cape Coast town,Volta,6.6507623044909625,0.9120535187676263,1,2.7,0,0.8,None,Lake,5.4,5679,16243,292374,0.221,Footpath,Urban,0,2737,4.0,0,0,2023
Tamale side,Bono,7.179190073119239,-2.3236057278301985,1,1.9,0,3.75,None,Sachet water,3.0,8151,35974,431688,0.098,Seasonal road,Rural,1,4274,7.1,0,1,2023
Techiman mouth,Upper West,10.54013022346666,-2.8063387486260103,0,14.4,0,2.69,Heavy metals,Rainwater,6.7,3579,9896,89064,0.3,Seasonal road,Rural,1,3870,6.2,0,0,2023
Techiman chester,Central,5.516726112916526,-1.2706846014127922,1,6.6,0,0.2,None,River,5.1,6002,28376,567520,0.103,Asphalt road,Rural,0,3628,5.4,0,1,2020
Kumasi town,Greater Accra,5.731448451781806,0.2876927546868205,1,11.4,0,0.01,None,Lake,7.4,8443,23224,371584,0.028,Footpath,Urban,0,590,3.9,0,0,2018
Koforidua ville,Central,5.867611761377654,-0.7336443228861862,1,6.3,0,3.7,Viruses,Borehole,4.4,9911,47792,286752,0.041,Footpath,Rural,0,2636,8.4,0,0,2020
Tamale side,Central,5.613507524314445,-1.1733465701974648,1,19.7,0,4.24,Viruses,Sachet water,9.5,5694,20250,364500,0.03,Asphalt road,Urban,1,1836,9.9,1,0,2023
Nkawkaw mouth,Ashanti,6.79565270742247,-1.797008173566711,0,4.3,1,5.1,Industrial waste,Well,2.3,18708,48088,961760,0.3,Boat access only,Rural,1,4145,3.9,0,0,2018
Tamale mouth,Greater Accra,5.982300777583711,-0.6125758464449478,1,11.2,0,0.94,None,Borehole,1.3,11556,49203,344421,0.239,Seasonal road,Urban,0,4345,11.6,1,0,2017
Sunyani furt,Volta,6.906607566767935,0.1767934630711845,1,2.6,0,4.46,Sediment,Well,1.4,3323,10155,142170,0.147,Seasonal road,Urban,1,891,9.1,0,1,2016
Sekondi borough,Central,5.766375908382264,-1.4796938400926956,0,17.6,0,3.11,Heavy metals,Well,5.9,14205,45853,687795,0.3,Dirt road,Rural,1,3607,11.1,1,0,2023
Techiman stad,Central,5.952965831252672,-1.3108591919971146,0,8.2,0,1.88,None,Tanker,9.3,8293,29975,269775,0.1785,Footpath,Rural,1,1672,6.8,0,1,2015
Sunyani furt,North East,10.112663961655917,-0.14444473608538166,1,18.5,0,3.35,Industrial waste,Sachet water,6.4,7641,34552,345520,0.113,Seasonal road,Urban,1,4411,10.5,0,1,2016
Obuasi land,Western,5.226831338465849,-2.223956132664182,1,7.1,0,1.53,None,Stream,4.5,1550,4332,34656,0.158,Footpath,Urban,1,3357,6.6,0,1,2018
Cape Coast mouth,North East,10.308623674338298,-0.10745714483131796,1,3.9,0,4.08,Sediment,Stream,4.5,3256,11898,118980,0.293,Seasonal road,Rural,0,4454,6.5,0,0,2023
Nkawkaw port,Ahafo,7.626239090710647,-2.892682355775278,1,0.7,0,4.76,Industrial waste,Borehole,2.2,4974,24296,218664,0.252,Boat access only,Urban,0,1488,9.9,0,0,2021
Dome furt,Volta,6.997027567047935,0.9375421001392144,1,8.2,1,3.09,Viruses,Stream,7.9,924,3604,39644,0.109,Footpath,Urban,1,2156,7.7,0,0,2017
Obuasi ton,Eastern,6.767662985686179,-0.9037876078873261,1,14.9,0,1.43,None,Well,2.8,4647,11919,190704,0.063,Dirt road,Urban,0,4585,3.0,0,0,2021
Aflao shire,Greater Accra,5.260774199325444,0.09198869214834643,1,13.3,0,0.87,None,Tanker,2.7,2414,6833,129827,0.119,Boat access only,Rural,1,3673,6.3,0,0,2015
Obuasi mouth,Oti,8.025296085819026,0.5648157907554834,1,13.0,0,0.32,None,Pipe-borne,7.7,19139,49741,845597,0.121,Dirt road,Rural,1,4836,8.0,0,0,2021
Hohoe bury,Northern,9.102094164739388,-0.7728673425569741,1,5.5,0,1.91,None,River,9.2,1330,5856,76128,0.093,Dirt road,Urban,1,2617,6.9,1,0,2019
Sekondi chester,Ahafo,7.311553501621836,-2.9369172530274357,1,16.4,0,2.95,None,Well,1.1,14678,40744,774136,0.045,Boat access only,Urban,0,3891,8.4,0,0,2017
Bolgatanga mouth,Central,5.82564437271227,-0.9736007889000846,0,14.2,0,2.11,Heavy metals,Tanker,1.8,2848,7340,80740,0.3,Boat access only,Urban,0,3802,8.3,0,1,2023
Bolgatanga mouth,Oti,8.265027113278249,0.34835139160056866,1,5.8,0,2.12,Viruses,Pipe-borne,5.2,5557,14216,170592,0.201,Seasonal road,Urban,0,3473,8.8,0,0,2022
Aflao town,Northern,9.358221457253368,-1.3841384943513444,1,13.0,0,2.5,Agricultural runoff,Tanker,1.5,16044,48768,341376,0.098,Footpath,Rural,1,866,3.6,0,0,2017
Dome berg,Bono,8.019199485388702,-2.0825336142183573,1,3.3,0,2.76,Agricultural runoff,Tanker,7.6,1281,3239,32390,0.294,Footpath,Rural,0,4507,5.8,0,0,2019
Cape Coast mouth,Eastern,6.357404569396801,-0.72320042021588,1,17.9,0,4.93,Industrial waste,Tanker,8.2,8396,23300,419400,0.188,Dirt road,Urban,1,3828,4.8,0,0,2023
Abuja haven,Ahafo,7.62062449087312,-2.578747468854087,0,4.9,0,3.14,Chemicals,River,4.4,6895,19432,174888,0.3,Seasonal road,Rural,0,4780,4.7,0,0,2015
Aflao town,Western North,5.986308229417093,-2.4918092765420425,1,3.0,1,0.62,None,Lake,6.9,17056,48475,387800,0.039,Footpath,Rural,0,2440,11.7,0,0,2018
Ho burgh,Upper East,10.89470220377422,-1.0239392765375954,1,2.1,0,2.71,None,Stream,2.7,5983,26773,481914,0.058,Footpath,Urban,1,4394,5.7,0,0,2023
Aflao haven,Northern,9.905868054367383,-1.0711069956410681,1,12.4,0,3.83,Agricultural runoff,Well,1.0,3569,9930,168810,0.106,Boat access only,Urban,1,1038,4.1,0,0,2019
Takoradi ton,Northern,9.949021478874817,-0.8193177516143484,1,15.5,1,4.94,None,Tanker,8.8,1883,5653,113060,0.14,Footpath,Rural,0,2441,4.3,1,0,2023
Wa bury,Greater Accra,6.086924575085608,0.0861375373652759,1,3.5,0,4.81,Chemicals,Stream,3.1,1346,4669,56028,0.049,Asphalt road,Rural,0,4880,11.6,0,1,2015
Hohoe shire,Ashanti,7.182156697531572,-1.6006926021115797,0,8.0,0,3.65,Heavy metals,Sachet water,2.7,1186,4061,24366,0.0345,Footpath,Rural,1,1177,10.1,1,0,2015
Koforidua ville,Northern,9.148168080333322,-0.9840300480206846,1,1.0,0,1.11,None,Dam,9.1,15274,39740,556360,0.215,Footpath,Urban,1,4379,3.7,1,0,2017
Obuasi berg,Western North,6.524171265639579,-2.8073161568735845,0,2.9,1,8.36,Sediment,Tanker,8.2,12194,41695,375255,0.0075,Footpath,Urban,1,579,6.3,1,0,2019
Koforidua haven,Volta,6.16283336960806,0.1364068351612453,0,8.3,0,3.03,Mining waste,Rainwater,7.5,14184,40157,522041,0.3,Boat access only,Rural,0,3350,9.1,0,0,2017
Aflao burgh,Western,5.379646588757242,-2.0006414395089545,1,13.4,0,3.87,Chemicals,Dam,9.3,8613,23039,207351,0.048,Asphalt road,Urban,1,865,5.6,0,0,2018
Tema land,Ashanti,6.345686498958136,-1.220013663688904,1,8.6,0,3.29,Parasites,Tanker,1.6,5141,13640,218240,0.006,Boat access only,Rural,0,1646,4.5,1,0,2022
Koforidua chester,Savannah,8.79054354939742,-1.9685752152223164,1,4.7,0,4.76,None,Well,9.0,16121,43807,438070,0.228,Seasonal road,Rural,1,4013,9.3,0,0,2017
Abuja mouth,Bono,7.315748975169191,-2.804360887649171,1,13.3,0,4.1,None,Rainwater,4.0,3239,11500,172500,0.197,Dirt road,Rural,0,1935,3.5,0,0,2019
Bawku mouth,Volta,6.398711878113268,0.09912717683879013,1,10.8,0,1.85,None,Pipe-borne,2.0,9366,25342,202736,0.249,Footpath,Rural,1,692,7.4,0,0,2022
Aflao view,North East,10.308017430033537,-0.17324411879191703,1,5.4,1,4.92,Chemicals,Sachet water,8.7,2437,11285,146705,0.265,Dirt road,Rural,1,1643,3.3,1,0,2021
Ho haven,Eastern,6.665804885646929,-0.5458506912361192,0,10.8,0,2.92,Agricultural runoff,Sachet water,4.9,2017,5614,95438,0.22799999999999998,Dirt road,Urban,1,1960,11.6,0,0,2015
Wa stad,Savannah,8.825297553602159,-1.3400439997971247,1,0.5,0,2.47,Mining waste,River,3.6,6366,20509,225599,0.165,Boat access only,Urban,1,700,7.0,0,1,2015
Dome fort,Oti,7.407394667404706,0.030912884877021984,0,11.6,1,9.08,Bacteria,Well,5.8,17370,45692,685380,0.273,Footpath,Rural,1,2920,11.7,1,0,2017
Aflao side,Volta,6.496336886546424,0.7546903104014966,1,14.8,0,0.5,None,Dam,7.8,6445,22133,221330,0.254,Footpath,Rural,1,3699,5.5,0,0,2023
Dome fort,Western,5.319147559401189,-2.7824778474389733,0,5.6,0,2.85,Mining waste,Borehole,3.7,3236,8271,140607,0.07500000000000001,Footpath,Urban,0,2290,7.4,0,0,2017
Aflao town,Savannah,8.890882485770332,-1.47190774860358,1,13.1,0,0.36,None,Dam,7.6,3927,10935,120285,0.05,Footpath,Rural,0,547,5.2,1,1,2020
Obuasi ton,Upper West,9.852514028767729,-2.327998899600618,1,6.0,0,0.08,None,River,6.8,8937,39191,548674,0.002,Footpath,Rural,0,2227,10.2,0,0,2020
Tamale ville,Upper East,11.071271765518194,-1.209467708285354,1,6.7,0,4.59,None,Dam,9.1,4718,17602,352040,0.177,Seasonal road,Rural,1,4764,4.5,0,1,2016
Koforidua furt,Volta,6.962803813356623,0.6651740347684529,1,3.8,0,2.17,None,Rainwater,6.1,6304,20239,101195,0.018,Footpath,Urban,1,3938,4.5,1,1,2018
Bawku stad,Western North,6.571925356715251,-3.1438122039048744,1,15.2,1,1.51,None,Rainwater,9.3,1230,4403,74851,0.021,Asphalt road,Rural,0,1826,12.0,1,0,2016
Abuja haven,Northern,9.762117829996724,-0.9523506954927644,1,11.5,0,1.74,None,Tanker,5.2,12966,40807,612105,0.282,Boat access only,Urban,0,3601,6.1,1,0,2023
Aflao mouth,Western North,5.94618137168981,-2.454550857071911,1,3.9,0,4.68,Viruses,Well,4.1,15275,46607,233035,0.169,Seasonal road,Rural,1,4266,9.2,0,0,2017
Tema land,Northern,9.026041815273587,-1.3338486573330206,1,1.3,1,3.45,Bacteria,Stream,3.1,2442,8524,144908,0.269,Dirt road,Urban,1,4524,3.3,0,0,2019
Bawku berg,Ahafo,7.393409632562918,-2.552941694172233,1,16.3,0,3.23,Mining waste,Sachet water,1.1,9153,41455,331640,0.226,Asphalt road,Rural,1,1237,6.2,0,0,2020
Ho side,Greater Accra,5.8895697448791795,-0.20181520239637724,1,6.3,0,0.52,None,River,2.6,18413,47685,762960,0.097,Boat access only,Rural,1,3454,10.2,0,0,2017
Hohoe furt,Savannah,8.935690425141072,-1.6088994704631638,1,9.9,0,1.94,None,Well,5.8,286,743,11888,0.069,Boat access only,Urban,0,4991,7.8,1,1,2015
Aflao borough,Bono,7.840085744743731,-2.058328353620679,1,15.3,0,4.67,Industrial waste,Well,2.3,2534,11124,222480,0.157,Footpath,Urban,1,4962,6.6,0,0,2020
Sekondi land,Ahafo,6.834841196418381,-2.5332094943782124,1,3.7,0,0.35,None,River,9.3,5960,17948,125636,0.272,Seasonal road,Rural,1,885,5.5,0,0,2021
Ho furt,Greater Accra,5.73952461441913,-0.050937199204978134,1,5.5,0,3.68,Chemicals,Pipe-borne,5.2,12871,40163,200815,0.29,Dirt road,Rural,0,1172,8.7,0,0,2019
Tema bury,Northern,9.028881366510356,-0.5484126598018848,1,9.2,0,0.22,None,River,7.8,8324,39642,356778,0.138,Seasonal road,Rural,1,2264,11.2,1,0,2015
Sunyani town,Volta,6.192135868836602,0.5216336658940918,1,3.4,0,4.03,Industrial waste,Sachet water,8.7,6156,16366,327320,0.225,Seasonal road,Rural,0,3065,11.9,0,1,2020
Tamale land,North East,9.799592004715944,-0.6648389870947965,1,8.0,0,2.8,Industrial waste,Pipe-borne,9.9,9349,27595,386330,0.08,Seasonal road,Urban,1,3277,9.8,0,0,2016
Aflao burgh,Central,5.395026534467079,-0.7495276462660666,0,13.6,0,4.56,Heavy metals,Rainwater,5.1,9987,44754,492294,0.3,Asphalt road,Urban,1,4331,8.0,0,1,2019
Aflao chester,Upper East,10.575216767622802,-0.5333240802918335,1,6.0,0,3.7,Viruses,Sachet water,8.2,3454,16197,161970,0.237,Seasonal road,Rural,0,3638,3.6,0,0,2020
Obuasi ville,Bono,7.354438485646565,-2.8100109432769838,1,16.3,0,2.52,Viruses,River,3.7,3072,8386,159334,0.189,Boat access only,Urban,0,2737,5.4,0,1,2016
Ho berg,Savannah,9.20531429216357,-2.2158585483240243,1,11.9,0,4.56,Chemicals,Tanker,7.7,11891,36289,399179,0.035,Boat access only,Rural,1,4643,5.3,0,0,2019
Bolgatanga borough,Savannah,8.741867982618174,-2.2615313644360997,1,12.1,0,0.06,None,Dam,1.0,6169,16316,293688,0.068,Boat access only,Rural,1,3977,3.7,0,0,2021
Aflao mouth,Oti,7.94893397164623,0.724057252157146,0,17.4,0,3.77,Mining waste,Well,3.6,10168,28260,480420,0.081,Seasonal road,Rural,0,2160,8.5,1,0,2023
Koforidua haven,Greater Accra,5.69411275809708,-0.20811344123515024,1,19.2,0,4.04,Agricultural runoff,Stream,2.1,159,734,5138,0.073,Asphalt road,Urban,0,630,7.8,0,0,2017
Bolgatanga furt,Upper West,10.751824740142924,-2.336769803078637,1,4.5,0,4.41,Sediment,Tanker,8.2,4622,16455,230370,0.077,Footpath,Urban,1,1515,11.7,0,0,2020
Nkawkaw chester,Western,5.844327070062608,-2.8444976067076913,1,18.5,0,4.12,Industrial waste,Borehole,9.1,284,903,6321,0.145,Asphalt road,Urban,1,746,3.0,0,0,2018
Madina mouth,Northern,9.885845647478373,-1.333110105220539,1,8.4,0,3.06,Agricultural runoff,Tanker,6.2,8105,24577,393232,0.034,Dirt road,Urban,0,2877,8.1,1,0,2021
Abuja borough,Northern,9.21205433272733,-1.4214841730513783,1,4.5,0,3.82,Viruses,Dam,4.1,6865,27936,446976,0.111,Footpath,Rural,1,1034,7.1,0,1,2021
Abuja berg,Oti,8.078496201276936,0.10616238533499217,0,17.7,0,4.5,Heavy metals,Lake,1.0,8747,28435,511830,0.1275,Asphalt road,Rural,1,4038,10.9,1,0,2021
Tamale borough,Bono East,7.850564466686707,-1.363744675898396,0,3.1,0,2.83,Parasites,Well,1.3,6125,21431,150017,0.3,Footpath,Urban,1,2827,10.3,1,0,2016
Hohoe ton,Savannah,8.783944772223968,-1.460099615797175,1,6.3,0,1.83,None,Sachet water,7.0,13450,43145,388305,0.116,Footpath,Rural,1,2034,7.9,0,0,2017
Bolgatanga furt,Volta,6.658589476046752,0.01666378374076849,0,5.0,0,2.11,Bacteria,Sachet water,5.2,7948,34322,343220,0.1815,Seasonal road,Rural,0,2629,3.7,0,1,2021
Sunyani side,Western North,6.167375675990981,-2.6287615909117643,0,1.0,1,8.48,Chemicals,Well,9.3,9357,27857,501426,0.043500000000000004,Footpath,Rural,1,2394,11.2,0,0,2019
Hohoe mouth,Western,5.905842208716879,-2.403639074841914,1,3.5,0,0.01,None,Pipe-borne,2.4,4129,10788,53940,0.25,Footpath,Urban,0,988,4.7,0,0,2022
Takoradi borough,North East,10.660632538449294,-0.7481972413040947,1,12.5,0,2.59,None,Rainwater,10.0,7435,25066,275726,0.148,Boat access only,Rural,1,1045,5.5,0,0,2017
Nkawkaw view,Bono East,7.460880051469662,-1.0751912395738525,1,5.4,0,0.25,None,Sachet water,3.6,2583,8706,174120,0.124,Seasonal road,Rural,0,3284,9.6,0,0,2017
Hohoe side,Western,5.0038846959397665,-2.7036298360421824,0,6.1,1,2.71,Industrial waste,Well,2.1,4019,14655,161205,0.0315,Boat access only,Rural,0,1330,6.3,0,0,2017
Abuja land,Greater Accra,5.63193561672761,-0.2142154270837156,0,19.1,0,2.05,Industrial waste,Pipe-borne,9.9,6704,28420,539980,0.3,Dirt road,Rural,1,3245,8.5,0,0,2018
Cape Coast bury,Central,5.140518179517274,-1.4005829546830286,1,9.9,0,0.88,None,Lake,5.6,9551,46422,789174,0.29,Seasonal road,Urban,1,3349,6.9,0,0,2018
Cape Coast berg,Bono,7.8254829823254415,-2.85587986889436,1,16.1,1,4.82,Viruses,Stream,6.5,9860,29737,594740,0.115,Boat access only,Rural,0,3024,8.3,0,1,2022
Koforidua town,Bono East,8.22321114875221,-1.217416785118401,1,10.5,0,1.33,None,Tanker,3.4,6547,30347,242776,0.173,Boat access only,Urban,1,4470,9.3,1,0,2023
Wa mouth,Western,5.0997734689009615,-2.1151407893307264,1,7.0,0,0.77,None,Borehole,8.1,2670,7360,66240,0.136,Seasonal road,Rural,0,4138,7.4,1,0,2015
Obuasi haven,Central,5.268898254458674,-0.5055703523877068,1,7.3,1,3.2,Sediment,Rainwater,3.3,10261,30496,457440,0.077,Dirt road,Urban,0,2223,3.1,0,0,2018
Obuasi fort,Eastern,6.6385064010933394,-0.845339378620925,1,13.0,0,1.83,None,Dam,3.4,100,316,2844,0.268,Dirt road,Urban,0,2678,6.4,0,0,2018
Sunyani mouth,Oti,7.8217963796821985,-0.02019623432993506,0,18.3,0,4.09,Industrial waste,Rainwater,1.8,5410,20773,373914,0.3,Dirt road,Urban,0,4579,6.0,0,0,2020
Tamale ville,Upper East,10.663470380022426,-0.38917326333010227,1,13.4,0,2.35,Parasites,Sachet water,7.9,13189,33908,237356,0.117,Dirt road,Urban,1,2564,6.3,0,1,2022
Bolgatanga burgh,North East,10.654407448689415,-0.38215511151794945,1,13.5,0,0.23,None,Lake,4.2,8284,34274,616932,0.29,Dirt road,Rural,0,4930,7.7,0,1,2022
Kumasi port,Savannah,9.569787519769509,-1.761639833674284,0,3.2,0,4.49,Mining waste,Tanker,7.9,7827,21933,416727,0.3,Seasonal road,Rural,1,1823,5.4,1,0,2021
Madina port,Northern,9.972124496117042,-0.8134429020687518,1,9.5,0,2.01,Agricultural runoff,Pipe-borne,1.7,8659,35502,710040,0.014,Asphalt road,Rural,1,513,10.6,1,0,2017
Techiman view,Eastern,6.417972632727987,-0.9386706090956712,1,18.2,0,1.56,None,Stream,9.2,5579,23715,260865,0.147,Seasonal road,Rural,0,3129,6.8,1,0,2023
Kumasi fort,Upper West,10.338698991561722,-2.597377584145217,1,3.3,0,0.88,None,Pipe-borne,5.8,760,2476,27236,0.157,Seasonal road,Rural,1,3939,4.2,0,0,2016
Koforidua land,Volta,6.641000764976317,0.2620577713977994,0,4.7,0,0.08,None,Rainwater,9.9,10593,42238,760284,0.3,Dirt road,Urban,1,1656,7.8,0,0,2021
Sunyani berg,Bono East,7.762597583297882,-1.4042844832374533,1,18.2,0,3.04,Agricultural runoff,Dam,6.6,1311,4919,98380,0.238,Boat access only,Rural,1,4747,7.8,1,0,2023
Bawku borough,Eastern,6.002503159862311,-0.5307570773128628,1,12.0,0,1.26,None,Well,8.8,4728,16529,297522,0.253,Dirt road,Urban,1,761,11.1,0,0,2018
Nkawkaw fort,Western North,6.128215530852855,-3.2324742466713046,1,4.2,0,4.44,Sediment,Pipe-borne,3.6,14889,40023,520299,0.144,Boat access only,Rural,1,4127,8.8,0,0,2019
Bawku view,Ashanti,6.762021766166683,-1.0933964908168576,1,3.3,0,4.63,Chemicals,Rainwater,1.6,7967,26824,509656,0.201,Footpath,Rural,0,2076,10.3,1,0,2022
Dome burgh,Savannah,9.386852615384523,-1.778545975130379,1,4.4,0,1.31,None,Well,6.8,11769,45619,501809,0.197,Boat access only,Rural,1,4547,11.3,0,0,2015
Abuja furt,Ashanti,6.883640225548461,-1.4561049295441726,1,8.8,1,4.93,None,Dam,7.7,15923,48520,824840,0.288,Footpath,Rural,0,838,3.2,1,0,2019
Nkawkaw side,Upper East,10.921894374126813,-0.40734112825292956,1,14.3,0,2.24,Sediment,Pipe-borne,9.0,969,2724,38136,0.25,Dirt road,Rural,1,4275,11.0,0,0,2017
Nkawkaw burgh,Oti,8.198925580897173,0.3275156481422418,1,4.8,0,2.68,None,Rainwater,4.0,10326,49383,641979,0.14,Asphalt road,Urban,1,2079,11.6,0,0,2015
Madina port,Ahafo,6.855321167074413,-2.9220298165990597,1,7.8,0,2.03,Agricultural runoff,Stream,8.7,3100,10628,170048,0.058,Footpath,Rural,0,2607,7.6,0,1,2017
Ho stad,Upper East,10.587606580402694,-1.131875059065635,1,14.5,0,3.69,Industrial waste,Sachet water,10.0,5547,27142,407130,0.263,Seasonal road,Rural,1,3694,3.8,0,1,2021
Techiman bury,Northern,9.919876924764802,-0.8877924361723051,1,1.6,0,2.48,Industrial waste,Lake,4.6,6492,23799,118995,0.054,Asphalt road,Urban,1,2968,4.1,0,0,2015
Tema borough,Oti,8.203238716418833,-0.07081675881712529,1,4.3,0,0.47,None,Well,4.5,15283,44599,847381,0.077,Boat access only,Urban,0,1303,6.5,1,0,2019
Sekondi borough,Volta,6.1689821057333845,0.7268183794828283,1,4.4,0,0.91,None,Well,4.7,5756,17491,104946,0.04,Asphalt road,Rural,1,2253,3.6,0,0,2015
Obuasi town,Oti,8.223745032174987,-0.01763139403067776,1,11.6,0,0.03,None,Tanker,9.6,13104,47033,705495,0.047,Boat access only,Urban,1,3529,11.7,1,0,2022
Techiman borough,Savannah,8.917479162048238,-1.6016183171209466,0,3.2,0,2.05,Viruses,Rainwater,9.1,3475,15649,93894,0.162,Footpath,Rural,1,763,9.2,0,0,2016
Tamale shire,Bono East,7.293290965983489,-1.5121917924866093,1,0.7,0,1.35,None,Borehole,8.0,2329,7555,143545,0.106,Boat access only,Rural,1,2425,8.5,1,0,2020
Bolgatanga port,Oti,8.236589356736907,0.05276341096765208,0,18.9,0,0.1,None,Tanker,4.4,9260,43762,656430,0.0165,Seasonal road,Urban,0,2272,9.0,1,0,2022
Tamale borough,Ashanti,6.403718981428592,-1.322233637347583,0,14.9,1,5.11,Viruses,Borehole,8.5,6291,18049,342931,0.015,Seasonal road,Urban,1,969,3.2,0,0,2023
Bawku berg,Eastern,6.137480423934253,-0.961354786450397,1,8.9,0,1.23,None,Sachet water,2.0,5956,23959,287508,0.27,Footpath,Urban,1,2682,8.5,0,0,2018
Obuasi stad,Central,5.9006227577180965,-1.2105801681113673,0,19.1,0,3.55,Mining waste,Well,6.4,8401,40622,284354,0.0855,Footpath,Urban,1,3486,4.2,1,0,2022
Takoradi shire,Ahafo,6.869781366139178,-2.9496239030638476,1,4.0,1,0.25,None,Dam,9.1,2598,9129,173451,0.011,Boat access only,Rural,1,2951,9.9,0,0,2021
Takoradi stad,Upper West,9.867624831901182,-2.505216947837185,1,11.2,0,4.02,Parasites,Borehole,9.2,4113,15077,301540,0.272,Boat access only,Rural,1,561,4.1,0,1,2016
Wa haven,North East,10.633574660603264,-0.1287913810307838,1,10.6,0,3.69,Chemicals,Rainwater,10.0,16098,46822,374576,0.011,Asphalt road,Rural,0,2217,8.1,0,0,2017
Takoradi mouth,Northern,9.624191952068252,-0.5139891933966587,1,7.6,0,0.49,None,Stream,9.4,13248,42110,842200,0.242,Boat access only,Urban,0,4882,8.2,0,0,2021
Dome haven,Northern,9.179354054444659,-0.5792173850638863,1,13.1,0,2.15,Viruses,Lake,4.4,10422,37454,449448,0.072,Asphalt road,Rural,1,2169,5.1,0,0,2023
Abuja town,Upper West,9.983373889956095,-2.0565327106716307,1,0.8,0,1.81,None,Rainwater,5.8,4496,13658,109264,0.171,Boat access only,Urban,1,3719,9.3,1,0,2021
Techiman ton,Eastern,6.964417946042978,-0.2956029935327732,1,5.1,0,0.69,None,Stream,6.8,1534,6120,97920,0.228,Dirt road,Urban,1,1932,3.5,0,0,2016
Nkawkaw view,Central,5.158619295304987,-0.717303826923917,1,15.7,0,0.8,None,Pipe-borne,8.1,7050,20695,103475,0.208,Seasonal road,Rural,1,2735,6.0,0,0,2018
Wa mouth,Bono East,8.148049092160003,-0.6378537018281726,0,12.2,0,4.04,Mining waste,Tanker,3.1,9333,24851,323063,0.3,Seasonal road,Urban,0,2679,5.7,0,0,2016
Sunyani stad,Bono East,8.242352381610061,-0.7122814200416431,1,19.3,0,1.96,None,Stream,9.6,12585,39985,399850,0.273,Boat access only,Rural,1,4429,9.4,1,0,2015
Ho borough,Western North,6.769908641307313,-2.314724646992689,1,4.2,1,1.09,None,Sachet water,3.0,2749,10335,186030,0.177,Dirt road,Urban,1,1820,9.2,0,0,2015
Abuja haven,Northern,9.81134985050359,-1.1467416769424226,0,10.3,0,2.81,Chemicals,Pipe-borne,4.3,16114,44348,221740,0.026999999999999996,Seasonal road,Urban,0,3812,6.8,0,0,2023
Ho ton,Eastern,6.038774133611357,-0.11238092335103456,1,1.9,0,1.13,None,Lake,1.6,7360,24237,266607,0.098,Seasonal road,Rural,1,1279,4.0,1,0,2015
Takoradi shire,Upper East,10.397642279235756,-1.1917910944304264,1,19.2,1,0.03,None,Tanker,4.8,2342,6026,30130,0.099,Seasonal road,Rural,0,3693,9.8,0,0,2019
Takoradi view,Upper West,10.656870566083334,-2.3459197721337004,1,8.3,0,1.14,None,Dam,2.9,8731,24296,413032,0.122,Boat access only,Urban,1,1302,10.2,0,0,2015
Techiman town,Greater Accra,5.180596782751465,-0.3505642262610091,1,13.6,0,0.81,None,Rainwater,6.8,7947,20548,184932,0.222,Seasonal road,Urban,0,3087,4.4,0,0,2017
Techiman ton,Western,5.968165334139341,-2.9520394768145977,1,11.3,0,2.01,Agricultural runoff,Pipe-borne,4.5,5908,18697,130879,0.076,Dirt road,Urban,0,4811,9.5,0,0,2015
Ho ton,Oti,7.560547124603949,-0.06482490662311452,0,10.5,1,7.69,Industrial waste,Sachet water,8.2,5474,16503,82515,0.246,Seasonal road,Urban,1,4573,3.6,0,0,2021
Aflao furt,Western,5.157372045993967,-2.4886307419449927,0,1.4,0,4.3,Heavy metals,Rainwater,4.3,1860,5468,71084,0.10350000000000001,Footpath,Urban,0,4976,8.1,1,0,2017
Cape Coast chester,Bono East,7.260998704559791,-1.1747466304195873,1,11.7,0,0.5,None,Borehole,6.6,3509,12582,62910,0.002,Asphalt road,Rural,1,2075,7.0,0,1,2020
Wa berg,Upper East,11.248284164065618,-0.7216613429189743,1,9.8,0,2.52,Parasites,River,5.8,6614,30603,367236,0.285,Boat access only,Urban,0,2534,11.1,0,1,2017
Koforidua land,Northern,9.91670510112999,-0.8013638985627023,1,8.4,0,2.69,Chemicals,Tanker,4.6,11788,36391,473083,0.165,Dirt road,Urban,0,1070,11.4,0,0,2015
Obuasi haven,Upper West,10.568747316547697,-2.096116028698196,1,16.3,0,4.04,Industrial waste,Borehole,2.9,15301,40648,569072,0.089,Asphalt road,Urban,1,721,6.8,1,0,2019
Bawku furt,Savannah,9.075591736331052,-1.729378380381744,1,13.8,0,4.44,Chemicals,Rainwater,7.9,6423,19927,278978,0.034,Footpath,Rural,1,3272,11.8,0,0,2017
Hohoe view,Oti,7.666367093873107,0.24618202955837115,0,0.9,0,2.1,Heavy metals,Well,1.9,9051,35041,665779,0.3,Footpath,Urban,0,2413,4.5,0,0,2020
Aflao port,North East,10.216149361379308,-0.872167360555021,1,14.8,0,2.01,Chemicals,Dam,1.7,12093,39942,639072,0.236,Asphalt road,Urban,1,4683,11.0,1,0,2017
Wa view,Volta,6.793877906693766,0.1250709076681782,1,12.9,0,1.83,None,Tanker,7.2,3812,12894,167622,0.082,Dirt road,Rural,0,2628,7.0,0,1,2017
Bolgatanga fort,Central,5.938742361205165,-1.3806972012145937,0,10.0,0,2.36,Heavy metals,River,5.5,4811,16409,147681,0.3,Dirt road,Rural,1,2353,6.4,0,0,2015
Nkawkaw port,Ashanti,6.7678824990754896,-1.2625832288023062,1,5.0,0,0.95,None,Well,6.6,13572,37170,669060,0.277,Boat access only,Rural,1,4287,4.3,0,0,2019
Nkawkaw stad,Western,5.696448023541937,-2.2251645267299653,1,17.1,0,3.45,Chemicals,Stream,3.0,5212,20739,228129,0.059,Boat access only,Rural,1,2100,10.1,0,0,2019
Madina ton,Greater Accra,6.0271702240106615,0.2664074113728791,1,9.5,0,0.36,None,Well,8.8,700,2706,51414,0.187,Asphalt road,Rural,0,1761,5.9,0,0,2016
Madina haven,Ashanti,6.973547457299241,-1.4060318113239703,0,9.2,0,2.5,Mining waste,Sachet water,9.6,15900,41107,616605,0.3,Dirt road,Urban,1,1577,10.4,0,1,2018
Abuja fort,Upper East,10.540882880560428,-0.7013930706008754,1,14.0,0,2.47,Viruses,Lake,2.6,5881,19321,231852,0.105,Boat access only,Rural,1,2115,9.7,0,0,2022
Koforidua bury,Northern,9.81593269405177,-1.326854918693693,1,10.4,0,2.26,Industrial waste,Stream,1.1,3654,11338,124718,0.012,Seasonal road,Urban,1,1509,7.7,0,0,2015
Bawku ton,Upper East,10.579500514443644,-0.5378708549311203,1,7.3,0,2.12,Sediment,Stream,6.3,12665,40840,449240,0.037,Dirt road,Rural,0,2043,6.7,0,0,2018
Sunyani land,Ahafo,7.307826398520771,-2.8686690060696547,1,17.6,0,0.71,None,Stream,9.1,1487,6533,124127,0.054,Boat access only,Urban,1,3918,3.0,1,0,2022
Tema land,Upper West,9.984400216570624,-2.6610305874408247,0,9.4,0,1.37,None,Rainwater,3.5,8989,24710,222390,0.27449999999999997,Seasonal road,Rural,0,2220,9.7,0,1,2021
Nkawkaw land,Greater Accra,5.63690428165161,0.07879263677609744,0,16.0,0,2.19,Heavy metals,Borehole,6.3,7635,33696,673920,0.3,Seasonal road,Rural,0,4758,3.6,0,0,2020
Bawku shire,Ahafo,6.799711382163244,-2.451294538582598,0,7.9,0,3.66,Bacteria,Well,6.1,7247,24062,312806,0.2445,Boat access only,Rural,0,2517,3.8,0,0,2021
Bolgatanga fort,Volta,6.37643941268346,0.5361736555612732,1,9.9,0,1.29,None,Lake,9.1,12310,33594,403128,0.296,Asphalt road,Rural,1,767,8.0,0,0,2018
Tamale mouth,Savannah,9.148607345157025,-1.719520805373283,1,11.3,0,2.35,Viruses,Sachet water,8.6,10900,28009,364117,0.255,Dirt road,Urban,0,1699,8.1,0,0,2023
Kumasi shire,Oti,7.638252172470247,0.6707059696919389,1,9.9,0,0.35,None,Pipe-borne,7.4,7134,22203,199827,0.052,Seasonal road,Rural,1,4440,6.6,0,0,2022
Ho fort,Western,5.99712821218761,-2.8172739521905963,0,12.8,1,4.42,Mining waste,Lake,3.1,9822,48036,720540,0.3,Dirt road,Urban,1,3852,4.2,0,0,2021
Bawku bury,Upper West,10.436607643203674,-2.2638887439024327,0,5.1,0,1.96,None,River,3.7,2098,7427,118832,0.1935,Asphalt road,Urban,0,3372,3.6,0,0,2018
Ho land,Ahafo,7.718648078692659,-2.9877118418267847,1,14.5,0,4.25,Agricultural runoff,Sachet water,2.4,13261,43819,394371,0.188,Seasonal road,Urban,0,4820,7.1,0,0,2023
Bawku shire,Western North,6.703869311706827,-3.2127615364044617,1,19.6,0,2.76,Heavy metals,Dam,4.9,14226,37658,225948,0.204,Footpath,Rural,0,1617,4.1,0,0,2017
Koforidua land,Volta,6.151144235346266,0.016666406923411592,0,11.3,0,2.22,Chemicals,Stream,5.4,5684,23656,212904,0.198,Boat access only,Urban,1,3229,10.7,0,0,2018
Abuja land,Greater Accra,5.55480679369742,-0.3082838537805895,0,12.2,0,4.89,Heavy metals,Sachet water,6.9,10577,34033,510495,0.08700000000000001,Footpath,Rural,0,2460,5.9,1,0,2018
Madina town,Bono East,7.717258293901292,-0.7160098641074183,1,16.0,0,3.83,Agricultural runoff,River,6.8,10522,49697,944243,0.102,Asphalt road,Rural,1,1850,7.2,0,0,2022
Takoradi bury,Western,5.072652732590529,-2.6667319240565894,0,2.0,1,7.0,Mining waste,Borehole,5.3,683,2188,10940,0.1815,Seasonal road,Rural,1,3658,4.6,0,0,2017
Abuja fort,Volta,6.498938009723231,0.35869082048462886,1,2.3,0,2.81,None,Lake,3.5,9014,37781,340029,0.11,Dirt road,Urban,1,1572,11.4,0,1,2015
Techiman bury,Central,5.051911017159549,-1.4871638743309097,1,9.2,0,2.38,Bacteria,Borehole,4.6,11103,28202,169212,0.279,Asphalt road,Rural,1,4941,8.9,0,1,2016
Aflao burgh,Savannah,9.56297574820942,-1.7507897019498673,1,2.8,0,3.78,None,Sachet water,7.9,4332,15981,271677,0.121,Seasonal road,Rural,1,2429,10.0,0,1,2023
Madina ville,Upper West,10.335099290120361,-2.5100484193286436,1,7.7,0,0.28,None,Pipe-borne,9.0,13841,36770,183850,0.133,Footpath,Urban,0,4313,3.7,0,0,2022
Takoradi mouth,Volta,6.995425136620579,0.9036423784807608,0,0.8,0,2.21,Heavy metals,Rainwater,2.5,4247,12224,207808,0.3,Boat access only,Rural,1,577,6.5,0,0,2020
Sekondi haven,Bono East,8.087349265612428,-1.2399799114813892,0,4.5,0,3.03,Heavy metals,Tanker,6.2,12772,41914,377226,0.3,Dirt road,Rural,0,4650,10.7,1,0,2022
Tema ville,Oti,7.565875168674274,0.316987977414013,1,19.7,0,1.12,None,River,3.2,8418,26299,289289,0.131,Seasonal road,Urban,0,4724,4.7,0,0,2019
Techiman land,Oti,7.440374804303686,-0.141842393041614,1,14.3,0,0.72,None,River,7.4,5212,25425,152550,0.061,Footpath,Urban,0,3392,6.7,0,0,2023
Takoradi furt,Greater Accra,5.153609794754678,0.3083853287668555,1,2.9,0,2.02,Bacteria,River,1.3,4523,13480,202200,0.135,Footpath,Rural,1,4209,8.0,0,1,2023
Ho burgh,Eastern,6.733315834472613,-0.1712111256656731,1,14.5,0,1.77,None,Borehole,9.6,8065,29851,268659,0.225,Dirt road,Urban,1,2826,9.3,0,0,2015
Hohoe shire,Northern,9.978432224431188,-0.769473978799713,1,0.2,0,1.76,None,Tanker,3.5,5047,14361,114888,0.152,Asphalt road,Urban,1,4845,5.8,0,0,2016
Bawku haven,Ashanti,6.736153503519302,-1.943530631245847,1,8.9,0,1.24,None,Dam,2.2,4510,19887,318192,0.242,Asphalt road,Rural,0,4149,5.7,0,0,2020
Aflao view,Upper West,10.499518948803923,-2.213240164035751,1,0.8,0,1.82,None,Dam,8.0,15545,41026,287182,0.243,Asphalt road,Rural,0,4984,7.7,0,0,2017
Obuasi view,Western North,6.747887266598957,-2.6257364261433938,1,6.9,0,1.95,None,Sachet water,4.8,15580,39544,553616,0.094,Asphalt road,Urban,0,4488,8.0,0,0,2021
Bawku mouth,Northern,9.945076745931726,-0.7361371873013847,1,5.2,0,2.43,Industrial waste,Pipe-borne,10.0,11846,37772,188860,0.078,Seasonal road,Urban,1,2283,8.2,0,1,2019
Koforidua burgh,Upper West,10.178684852044654,-2.7979566238457885,0,4.8,0,3.65,Viruses,Stream,4.6,14886,45357,317499,0.045,Footpath,Urban,1,726,5.3,1,0,2023
Cape Coast bury,Greater Accra,5.9070179705866215,-0.5656597491534696,0,8.7,1,7.97,Agricultural runoff,Rainwater,5.1,2523,11754,188064,0.3,Footpath,Urban,1,2751,4.4,1,0,2019
Cape Coast bury,Upper East,10.442664183974212,-0.5921489962475055,1,19.3,0,1.97,None,Lake,2.9,1877,5235,104700,0.193,Dirt road,Rural,0,1355,5.3,1,1,2016
Hohoe land,Greater Accra,5.60223944385931,-0.32915423839880936,0,0.3,0,4.88,Heavy metals,Tanker,10.0,11856,46182,323274,0.10200000000000001,Asphalt road,Urban,1,2304,3.2,0,1,2015
Cape Coast burgh,Western North,5.8945128883966955,-3.140844166090485,1,11.3,0,4.84,Heavy metals,Stream,8.3,15683,45219,768723,0.277,Footpath,Rural,0,1963,5.8,0,0,2019
Madina port,Oti,7.936126840801433,-0.11226045950554547,1,12.3,0,0.57,None,Tanker,3.2,8016,21555,258660,0.283,Dirt road,Rural,0,2477,3.9,0,0,2016
Obuasi fort,Upper West,10.025754244572452,-2.6944871430659587,1,5.5,0,3.16,Bacteria,Stream,8.0,13870,48625,875250,0.094,Footpath,Rural,0,653,4.9,1,0,2018
Tamale ton,Western North,5.837099042341194,-2.8954810520830043,0,5.4,1,5.01,Parasites,Dam,3.3,1607,7599,136782,0.028499999999999998,Seasonal road,Rural,0,1051,3.1,0,0,2016
Tamale stad,Savannah,9.174784654371795,-2.1681235943534354,0,5.5,1,9.1,Bacteria,Lake,3.0,15423,44681,804258,0.2565,Footpath,Urban,0,3479,7.1,0,0,2017
Dome burgh,Upper West,9.96999726464994,-2.0599185554475596,1,14.0,1,1.24,None,Dam,8.6,2613,7659,61272,0.266,Footpath,Urban,0,4683,5.3,0,1,2018
Tema bury,Upper East,10.5100056186889,-0.7970388249728435,1,19.5,0,2.77,None,Rainwater,9.4,9814,26967,323604,0.05,Dirt road,Rural,1,4365,7.7,1,0,2016
Techiman burgh,Eastern,6.493697843749516,-0.35564681734080716,1,0.2,0,2.48,Sediment,Lake,7.5,5316,26489,132445,0.064,Footpath,Rural,0,2936,4.3,0,1,2022
Nkawkaw borough,Ashanti,7.121730098404141,-1.8762450411554727,0,19.0,0,4.76,Parasites,Lake,3.1,9942,42157,295099,0.11549999999999999,Footpath,Rural,1,2890,10.8,0,0,2016
Dome land,Central,5.453422500412116,-0.6438070713551025,1,16.9,0,1.7,None,River,4.1,5723,23461,117305,0.263,Footpath,Urban,0,3978,8.1,0,0,2019
Ho port,Ashanti,6.928315134494178,-1.1220828457253877,1,0.4,0,3.73,None,Lake,3.6,3471,11173,156422,0.183,Seasonal road,Rural,1,4460,4.3,0,0,2020
Techiman land,Northern,9.196017631794192,-0.5264566758239672,1,15.6,0,3.5,Agricultural runoff,Stream,6.2,11945,39612,752628,0.126,Asphalt road,Rural,0,2048,6.9,0,0,2022
Tema furt,Oti,7.987030346714802,-0.07988556685188769,1,5.3,0,3.7,Sediment,Pipe-borne,7.6,2721,8870,106440,0.282,Dirt road,Rural,0,2453,10.1,0,0,2023
Abuja burgh,Upper West,10.277814690519943,-2.6923859513550523,1,1.6,1,2.11,Parasites,Rainwater,3.1,5654,18113,90565,0.162,Asphalt road,Urban,0,1730,3.0,0,0,2018
Techiman ville,Greater Accra,5.978041509272112,-0.15691089889519855,1,1.9,0,2.62,Sediment,River,1.7,3018,8090,161800,0.238,Boat access only,Urban,1,4545,5.0,0,0,2018
Sunyani port,Bono,7.391039479357261,-2.7859873982838375,1,15.1,0,1.94,None,Tanker,4.3,172,586,10548,0.074,Dirt road,Urban,1,857,3.7,1,0,2019
Aflao land,Western North,6.548902982083993,-2.9509665079573053,1,13.2,1,2.98,Bacteria,Tanker,8.9,7794,32730,556410,0.118,Asphalt road,Rural,0,2419,9.0,0,1,2015
Tema bury,Eastern,6.279588235430485,-0.5776468197384019,1,15.0,0,1.99,None,Dam,1.4,8102,25139,452502,0.026,Asphalt road,Urban,0,3856,7.8,0,0,2022
Tema shire,Ashanti,6.920681261853476,-1.7899063287367305,1,7.3,0,0.27,None,Rainwater,3.6,6534,26126,209008,0.021,Dirt road,Urban,0,4263,8.3,0,1,2020
Cape Coast stad,Northern,9.681882446320273,-0.6830087033879594,1,3.3,0,1.02,None,Pipe-borne,9.2,8782,28152,422280,0.148,Footpath,Urban,0,2529,3.8,0,1,2019
Kumasi mouth,Ashanti,6.270931618651279,-1.693338238268271,0,9.2,1,5.34,Agricultural runoff,Borehole,4.2,7412,36821,552315,0.0825,Seasonal road,Rural,0,4927,10.0,0,0,2017
Sekondi town,Savannah,9.287207691643617,-1.865203171594651,0,10.2,1,3.48,Mining waste,Dam,2.8,2761,12419,235961,0.3,Dirt road,Urban,0,2272,5.6,0,0,2020
Koforidua chester,Eastern,6.698018710046608,-0.34441083323515065,0,13.9,0,3.11,Mining waste,Dam,8.7,15634,47253,472530,0.3,Dirt road,Urban,1,4144,5.9,1,0,2022
Tema haven,Ahafo,7.091214256018667,-2.2261844702763502,0,15.9,0,4.23,None,River,5.7,11214,32150,257200,0.3,Dirt road,Rural,1,1256,5.0,1,0,2018
Madina fort,Volta,6.947038616584487,-0.024961059515152262,1,6.7,0,3.45,Sediment,Lake,8.8,12029,38638,772760,0.096,Dirt road,Rural,1,1731,3.9,1,0,2020
Obuasi chester,Western,5.036232343592571,-2.4915085482037207,1,8.7,0,3.16,Agricultural runoff,Sachet water,2.6,17006,46425,371400,0.291,Dirt road,Urban,0,549,8.8,0,0,2020
Nkawkaw chester,Bono,7.353318224011086,-2.151942323866019,1,12.0,0,2.0,Agricultural runoff,Pipe-borne,2.7,7148,23660,473200,0.231,Boat access only,Rural,0,2616,11.6,0,0,2017
Abuja bury,Oti,8.192978350806056,0.6853917063789103,1,1.1,0,1.48,None,Rainwater,4.0,7451,22058,330870,0.28,Asphalt road,Urban,0,878,3.6,1,0,2019
Hohoe chester,Ahafo,7.0230020413895415,-2.3121528395195634,1,11.6,0,3.14,Agricultural runoff,Borehole,9.1,7838,28813,403382,0.265,Boat access only,Urban,1,3966,6.9,0,1,2015
Aflao port,Ahafo,7.5848248880847775,-2.1491633841544266,1,19.7,0,2.85,Viruses,River,8.9,7449,21563,366571,0.189,Asphalt road,Urban,1,660,10.2,0,0,2015
Wa mouth,Upper East,10.991569645604512,-1.1278367597900876,1,4.2,0,1.61,None,Tanker,1.9,8825,30527,183162,0.293,Seasonal road,Rural,1,4565,7.9,1,1,2016
Cape Coast town,Central,5.887921557189615,-0.6726502183351836,1,9.3,0,0.6,None,Sachet water,5.6,438,2102,10510,0.233,Footpath,Rural,0,4273,3.3,1,0,2021
Nkawkaw burgh,Greater Accra,6.064631297464242,-0.5333710609771762,0,2.1,0,4.75,Heavy metals,River,1.9,14641,41877,628155,0.2535,Dirt road,Urban,0,1262,8.1,0,0,2017
Techiman mouth,Greater Accra,6.04530172175129,0.1815491745121996,0,5.9,0,3.47,Mining waste,Stream,4.8,7400,33708,337080,0.28049999999999997,Dirt road,Rural,1,3630,10.4,1,0,2023
Obuasi stad,Ahafo,7.049592194404828,-2.0607556027908895,1,10.5,0,4.35,Industrial waste,River,8.7,15364,43663,392967,0.209,Dirt road,Rural,1,2680,6.7,0,0,2017
Abuja fort,Central,5.560328546672444,-1.2774369808070771,1,4.7,0,1.92,None,Tanker,2.7,10019,29229,321519,0.111,Asphalt road,Rural,0,2249,10.8,0,0,2015
Tema ville,Upper East,10.587046012169406,-0.8004506554378401,1,19.8,0,0.11,None,Tanker,9.5,1258,3512,28096,0.206,Asphalt road,Urban,1,2392,9.3,0,0,2020
Koforidua stad,North East,9.784158510250597,-0.1090961296700872,1,2.2,0,2.85,Parasites,Lake,1.5,9957,38823,698814,0.156,Dirt road,Urban,1,3922,3.6,0,0,2021
Nkawkaw fort,Ashanti,7.049731569969674,-1.2885413622366884,0,10.7,1,4.28,Heavy metals,Rainwater,4.6,2922,10968,120648,0.2475,Boat access only,Rural,1,4535,10.3,0,0,2015
Cape Coast mouth,Volta,6.114033804413731,0.3185934624398934,0,8.6,0,3.95,Heavy metals,Well,2.7,11186,43661,436610,0.3,Seasonal road,Urban,1,4591,3.5,0,1,2017
Tema bury,Ashanti,6.828959964400723,-1.2565999434354627,0,14.3,1,7.25,Heavy metals,Lake,4.2,7958,26157,235413,0.3,Dirt road,Rural,1,1243,8.5,0,0,2016
Tamale bury,Ahafo,7.4338054196578724,-2.2802511368806395,1,18.2,0,2.14,Sediment,River,1.0,14158,37467,224802,0.197,Boat access only,Rural,1,1401,10.4,0,0,2017
Techiman view,Ahafo,7.323931677960647,-2.169863985230017,0,9.8,0,3.88,Agricultural runoff,Tanker,9.2,3550,15982,287676,0.126,Asphalt road,Urban,1,3060,7.1,1,0,2016
Bolgatanga shire,Bono East,7.591243621535829,-1.2082380852230954,0,2.9,0,2.6,Sediment,Pipe-borne,6.1,4150,19949,179541,0.3,Asphalt road,Rural,1,2422,3.1,1,1,2018
Hohoe town,Volta,6.893544132915692,0.2520765571463245,1,9.1,0,2.43,Parasites,Pipe-borne,9.8,11427,37240,521360,0.097,Dirt road,Urban,1,1997,6.8,0,1,2021
Sekondi land,Eastern,6.344976986945785,-0.2028616107817237,1,15.3,0,0.55,None,Sachet water,7.4,7872,26249,498731,0.246,Footpath,Rural,0,2704,11.1,1,0,2018
Dome burgh,Western,5.925526287587137,-2.900663180872919,1,14.0,0,3.61,Bacteria,Sachet water,1.2,13898,49033,980660,0.052,Boat access only,Urban,1,4654,8.6,0,0,2022
Obuasi burgh,Upper East,10.460862185994372,-0.7559672981203108,1,1.1,0,4.05,Industrial waste,Rainwater,9.9,10083,47526,285156,0.057,Boat access only,Rural,1,845,4.9,0,0,2019
Abuja berg,Upper West,10.825442819970739,-2.7577918763244353,1,0.2,0,0.24,None,Pipe-borne,6.3,6048,17474,244636,0.175,Asphalt road,Urban,0,3636,5.5,0,0,2019
Tamale ville,Bono,7.2401124674654564,-2.242977888572785,1,11.4,0,3.12,Viruses,Pipe-borne,4.0,9429,40418,202090,0.191,Dirt road,Rural,1,1704,3.8,0,0,2016
Tamale port,North East,10.209018764011008,-0.3340413854022489,1,1.1,1,0.81,None,Dam,6.7,9957,42026,504312,0.226,Asphalt road,Rural,0,3718,6.0,0,0,2017
Koforidua view,Oti,7.662187425997383,0.26458375084288205,1,17.0,0,4.64,Sediment,Pipe-borne,9.3,1491,6445,32225,0.059,Asphalt road,Rural,0,1538,7.2,0,0,2022
Obuasi burgh,North East,9.824852957753297,-0.4737667284584143,1,2.2,0,1.36,None,Rainwater,3.4,14173,35525,532875,0.081,Boat access only,Urban,0,3553,9.2,0,0,2019
Nkawkaw borough,Greater Accra,5.244721511092047,-0.2098725399773101,1,11.3,0,1.71,None,Well,9.0,11281,44279,309953,0.147,Boat access only,Rural,1,2380,6.5,1,1,2023
Wa side,Bono,7.529703107280459,-2.357360364270372,0,10.5,1,8.61,Heavy metals,Tanker,5.6,1390,4871,29226,0.0075,Footpath,Rural,0,4926,11.9,0,0,2018
Koforidua stad,Ashanti,6.2775977597537995,-1.6207772735711217,1,1.3,0,3.12,Chemicals,Stream,7.1,16181,46996,939920,0.049,Boat access only,Rural,1,3812,6.4,1,0,2021
Obuasi haven,Upper East,10.748214608698962,-1.2069575853744943,1,14.5,0,2.73,Industrial waste,Pipe-borne,3.2,1593,6597,125343,0.157,Footpath,Rural,1,2527,10.9,0,0,2015
Tamale haven,Bono,7.610128203174424,-2.687384234595954,0,15.5,1,2.48,Mining waste,Well,8.6,14438,43758,700128,0.3,Asphalt road,Urban,1,3210,5.6,0,0,2019
Hohoe ville,Upper West,10.576346725942981,-2.388146920191733,1,13.0,0,4.19,None,Tanker,2.2,187,536,2680,0.297,Seasonal road,Rural,1,2195,9.5,0,0,2022
Techiman bury,Northern,9.87125408157446,-1.4165647663356178,1,3.3,0,4.19,Parasites,Borehole,1.3,7983,30116,301160,0.043,Dirt road,Urban,0,2732,7.7,1,0,2018
Tema shire,Central,5.2786092726348075,-0.6486930717853145,1,0.9,0,4.1,Chemicals,River,7.7,11151,30894,185364,0.052,Boat access only,Rural,0,2821,11.1,0,0,2015
Cape Coast view,Northern,9.340558458577416,-0.713484436435858,1,2.6,0,2.24,Parasites,Lake,5.6,487,1498,13482,0.19,Dirt road,Rural,1,3509,6.7,1,0,2016
Bolgatanga bury,Western,5.097546363685869,-2.047327294625104,1,13.2,0,0.84,None,Lake,1.5,11010,42508,382572,0.157,Seasonal road,Urban,0,2981,7.7,0,0,2019
Kumasi land,Western,5.443305730193758,-2.964794890954515,0,2.9,1,9.24,Mining waste,Rainwater,2.4,7334,22409,380953,0.14550000000000002,Dirt road,Rural,1,4567,6.5,0,0,2020
Techiman side,Ashanti,6.913291005736015,-1.7465075374818144,1,11.2,0,2.47,None,Stream,3.2,10727,41206,659296,0.295,Asphalt road,Urban,1,4353,9.9,1,0,2020
Abuja bury,Western,5.995195882130148,-2.8550172215764342,0,13.5,1,7.86,Agricultural runoff,Well,4.5,9402,43836,263016,0.3,Footpath,Rural,1,3488,7.5,0,0,2019
Bawku ton,Volta,6.689489940918302,0.17029286317624892,1,9.8,0,2.03,Agricultural runoff,Well,6.9,16739,48323,434907,0.124,Asphalt road,Urban,1,4447,6.5,0,0,2019
Obuasi port,Oti,7.844762272378526,0.041594407216126006,1,16.4,1,3.85,Sediment,Tanker,4.8,6401,16564,298152,0.019,Asphalt road,Rural,1,4042,8.9,0,0,2016
Tamale ville,Western North,6.004499322033572,-3.291847741634825,1,17.2,0,1.42,None,Stream,3.7,3660,13511,121599,0.224,Footpath,Urban,1,1327,6.9,0,1,2018
Bolgatanga burgh,Greater Accra,5.412960639506066,0.3075092180401015,0,11.3,0,3.46,Mining waste,Well,6.6,1158,3135,18810,0.0765,Seasonal road,Rural,1,3768,6.2,1,0,2019
Nkawkaw stad,Greater Accra,5.2068778045785615,-0.25136886842683487,1,6.3,0,1.58,None,River,2.3,12086,41812,418120,0.0,Boat access only,Urban,1,613,4.6,0,0,2019
Wa berg,Northern,9.737295844073612,-1.3004937651108812,1,8.5,1,4.25,Chemicals,Borehole,8.6,5670,25206,252060,0.161,Footpath,Rural,0,1767,10.1,0,0,2015
Sunyani burgh,Northern,9.32903476346821,-0.770215580528415,0,19.4,0,2.86,Mining waste,Borehole,5.8,11013,40578,365202,0.3,Footpath,Rural,1,1405,4.5,0,0,2017
Cape Coast haven,Bono East,7.680868956381884,-1.3490872230469697,0,11.3,0,4.17,Heavy metals,Well,5.7,3205,15329,199277,0.3,Footpath,Urban,1,2199,3.6,0,1,2016
Madina port,Ahafo,7.208024605700448,-2.0608779398352937,1,17.8,0,3.79,Parasites,Well,4.8,5854,19917,338589,0.185,Asphalt road,Rural,1,4324,4.7,0,0,2023
Hohoe view,Oti,7.93019581621423,-0.1473823090961714,1,6.2,0,0.24,None,Sachet water,2.8,5686,18813,206943,0.219,Footpath,Rural,0,3743,10.4,0,0,2017
Ho mouth,Greater Accra,5.259140483110074,-0.37504400916662545,0,18.6,0,2.08,Heavy metals,Well,6.2,2394,9176,91760,0.3,Footpath,Rural,1,2154,10.6,0,1,2019
Nkawkaw shire,Western,5.075072109387923,-2.856656187589446,1,1.7,0,0.12,None,Dam,4.9,16038,48442,532862,0.229,Dirt road,Urban,0,2026,3.7,0,0,2018
Dome town,Western North,6.4569833723914885,-2.438625726256192,0,18.3,1,6.83,Industrial waste,Borehole,4.8,13913,49904,249520,0.3,Footpath,Rural,0,3582,3.3,0,0,2020
Abuja bury,Bono,7.463214350033094,-2.7320125861393607,1,18.4,0,4.71,Sediment,Dam,3.0,8775,35536,284288,0.253,Asphalt road,Rural,1,2506,3.2,0,0,2022
Wa port,Bono,7.289371465845935,-2.575612769483225,1,18.6,0,1.67,None,Sachet water,8.6,14003,41091,698547,0.136,Boat access only,Urban,1,4313,7.0,0,1,2023
Ho stad,Western North,5.813147130280213,-2.6007641666993204,1,2.8,0,1.29,None,Sachet water,2.5,3167,14673,205422,0.103,Footpath,Rural,1,2320,3.4,1,0,2021
Koforidua burgh,Western North,6.493342844824187,-3.0932202510817435,1,19.6,1,7.93,Mining waste,Lake,6.6,6678,31078,435092,0.215,Boat access only,Urban,1,4299,4.1,0,0,2021
Tema land,Eastern,6.216615351316663,-0.3162760403697392,1,8.2,0,4.6,Heavy metals,Lake,3.2,7322,23188,324632,0.26,Asphalt road,Rural,1,1151,6.2,0,0,2015
Abuja furt,Ashanti,6.643539835370772,-1.7590383628658042,0,19.6,0,4.57,Mining waste,Stream,4.2,3597,13675,82050,0.138,Asphalt road,Rural,0,728,7.1,1,0,2020
Ho ville,Greater Accra,5.4109792586650665,-0.13883985065097276,1,9.7,0,0.05,None,Lake,3.9,4869,12709,152508,0.245,Asphalt road,Rural,0,561,10.5,0,0,2022
Abuja mouth,Eastern,6.4624578869807126,-0.05362854249002724,1,5.0,1,0.98,None,Lake,1.7,12255,31817,636340,0.192,Footpath,Rural,1,3053,11.4,1,1,2019
Koforidua side,Upper East,11.184047009003557,-1.1332079248647895,1,17.2,0,3.2,None,Dam,2.1,9214,29347,352164,0.23,Boat access only,Urban,1,2995,6.1,0,0,2017
Nkawkaw bury,Western,5.327922155702851,-2.309554326384567,1,2.6,0,2.2,Sediment,River,7.8,2938,8335,150030,0.209,Seasonal road,Urban,0,2160,11.6,1,1,2021
Bolgatanga view,Greater Accra,5.533287088831051,-0.15864197413735487,1,7.6,1,3.38,Chemicals,Tanker,3.5,318,1208,6040,0.117,Seasonal road,Rural,0,3471,5.8,1,1,2015
Obuasi ton,North East,10.009109392518047,-0.5438406451033119,1,6.6,0,1.1,None,Lake,4.0,2129,6080,36480,0.023,Asphalt road,Rural,0,4622,9.8,1,0,2016
Dome chester,Central,5.322407866542838,-1.2844915412904205,1,14.7,1,8.83,Mining waste,Pipe-borne,4.3,4272,14868,148680,0.263,Seasonal road,Urban,0,1023,4.0,0,0,2017
Wa berg,Oti,7.525556205543968,-0.1978244461742396,1,8.9,0,0.55,None,Rainwater,7.8,10142,43487,347896,0.146,Seasonal road,Rural,1,3474,8.1,0,0,2015
Aflao port,Upper West,10.237090822769384,-2.4518803841768895,0,14.7,0,2.88,None,Well,3.3,5325,16996,288932,0.3,Asphalt road,Rural,1,4891,11.5,0,0,2017
Nkawkaw borough,Ahafo,7.252802944411579,-2.995613084434545,1,13.1,0,4.66,Mining waste,Stream,9.1,11875,41334,454674,0.016,Footpath,Rural,1,1079,9.8,0,0,2018
Bolgatanga berg,Upper East,10.696501767396636,-0.9614908889421725,0,19.1,0,2.64,Heavy metals,Well,4.4,6173,25447,458046,0.123,Dirt road,Rural,1,4380,9.7,1,1,2017
Takoradi town,Western North,6.099899396064979,-2.3175716600531695,1,18.2,0,2.52,Industrial waste,River,4.4,4280,16470,296460,0.245,Footpath,Rural,1,3265,8.6,0,0,2021
Tema furt,Oti,7.68283922628315,0.578751830431516,1,4.3,0,2.27,Parasites,Dam,5.5,4835,17156,137248,0.132,Dirt road,Urban,1,3049,10.5,0,0,2015
Techiman chester,Western North,6.532382751565167,-2.424284893466088,1,19.0,0,0.18,None,Stream,7.4,17968,49268,295608,0.135,Boat access only,Urban,1,810,7.5,0,0,2019
Tema burgh,Central,5.781343904445762,-0.8160257314555837,1,8.9,0,2.08,Viruses,Borehole,7.9,2074,9270,139050,0.052,Asphalt road,Rural,1,696,4.8,1,0,2019
Madina burgh,Western,5.257050249367601,-2.893847841266536,1,19.5,0,1.4,None,Well,5.2,939,4488,35904,0.098,Seasonal road,Rural,1,742,3.8,1,1,2015
Bolgatanga view,Central,5.598816440446459,-0.9230528298116283,0,2.4,1,8.47,Sediment,Stream,7.7,881,3331,59958,0.165,Asphalt road,Urban,0,1644,5.7,0,0,2017
Obuasi town,Bono East,7.830126085270202,-0.9735954067088919,0,2.6,0,4.43,Parasites,Tanker,7.0,8080,21981,285753,0.28049999999999997,Asphalt road,Urban,0,4573,10.3,0,0,2020
Madina town,Bono East,7.525949768278872,-0.7554733388879281,0,16.6,1,5.5,Parasites,Sachet water,4.4,10906,46743,373944,0.10200000000000001,Dirt road,Urban,0,649,9.0,0,0,2018
Tema burgh,Bono East,7.723162892250952,-0.8988251424061201,1,19.1,0,3.72,Mining waste,Rainwater,9.1,15095,42697,256182,0.01,Boat access only,Rural,0,4089,9.1,1,0,2015
Takoradi berg,Volta,6.383179256910048,0.08551738555335775,1,13.2,0,2.29,Sediment,Dam,3.9,10902,27775,388850,0.291,Dirt road,Urban,0,4592,4.7,0,0,2016
Aflao port,Bono,7.48298345251907,-2.794862505183862,1,2.0,0,3.63,Sediment,Dam,6.4,6955,28506,484602,0.097,Footpath,Rural,0,2037,11.4,0,0,2015
Obuasi stad,North East,10.684476023901171,-0.337931574527103,1,0.5,0,1.87,None,Pipe-borne,1.7,17156,43250,216250,0.019,Dirt road,Urban,1,896,8.0,0,0,2019
Abuja mouth,Upper West,10.786368995225336,-2.2194456855556135,0,18.5,0,0.07,None,Lake,6.7,5726,25955,415280,0.3,Boat access only,Rural,1,1634,10.7,0,0,2019
Tamale fort,Upper West,10.273015245519769,-2.9344211181284856,1,3.5,0,0.41,None,Dam,6.6,6016,25295,202360,0.044,Seasonal road,Rural,1,3581,8.7,0,0,2023
Tamale port,Bono,7.725000077266649,-2.0955937298014256,1,2.9,0,4.43,Bacteria,Tanker,7.5,16369,43025,473275,0.099,Asphalt road,Rural,0,4632,9.5,0,0,2017
Obuasi haven,Bono East,8.00102643416484,-0.8726345957105948,1,10.0,0,1.56,None,River,3.7,8966,24743,148458,0.099,Seasonal road,Rural,1,1558,6.3,1,0,2016
Takoradi land,Western,5.335247740200617,-2.768102474005211,1,12.9,0,1.27,None,Pipe-borne,6.7,1829,7149,100086,0.009,Footpath,Rural,1,4484,6.8,0,0,2015
Dome land,Northern,9.952231063512603,-1.2770233684257921,1,2.2,0,1.13,None,Stream,2.8,908,2958,47328,0.072,Footpath,Rural,1,883,5.5,0,0,2019
Madina fort,Volta,6.492560838717145,0.1681898909258256,1,1.5,0,4.98,Heavy metals,Sachet water,1.4,3875,10634,212680,0.096,Asphalt road,Rural,0,2118,8.6,0,1,2023
Tema burgh,Eastern,6.642050010460252,-0.709700755918038,1,3.6,0,4.46,Parasites,River,4.8,1232,4057,60855,0.173,Asphalt road,Rural,0,768,8.0,0,0,2022
Takoradi burgh,Upper East,10.85984485826058,-0.7775449831534496,1,0.8,0,4.85,Viruses,Well,7.7,2329,6161,86254,0.258,Dirt road,Urban,1,906,10.2,0,0,2015
Bolgatanga furt,Oti,8.11684065229336,0.23027874749154992,1,5.1,0,1.11,None,Dam,6.7,9049,25902,414432,0.193,Dirt road,Rural,0,2501,4.2,0,0,2019
Tema ton,Bono,7.869704183240162,-2.8860157176717602,1,18.0,0,0.44,None,River,5.7,3221,8707,156726,0.009,Dirt road,Rural,0,1541,3.0,1,1,2023
Sunyani stad,Ashanti,6.923896410081639,-1.1649722547465915,0,1.5,1,5.13,Sediment,Stream,3.7,12454,39675,357075,0.037500000000000006,Seasonal road,Urban,0,1026,9.2,1,0,2022
Hohoe mouth,North East,10.221435123764453,-0.15186533914626987,1,4.0,0,4.68,Parasites,Sachet water,1.1,13589,37474,224844,0.206,Footpath,Rural,1,4080,11.3,0,0,2016
Tamale borough,Western North,6.178086820495313,-2.9096659574973742,1,17.1,1,7.62,Heavy metals,Sachet water,2.5,5027,18464,313888,0.072,Footpath,Rural,0,1730,6.4,1,0,2017
Hohoe port,North East,10.599614386552833,-0.7185259639851591,1,11.6,0,1.09,None,Dam,4.1,7535,37122,556830,0.088,Footpath,Rural,1,2438,7.3,1,1,2018
Nkawkaw port,North East,10.186474318138757,-0.847174622999195,0,12.8,0,3.92,Chemicals,Stream,2.8,5450,16398,81990,0.11099999999999999,Footpath,Rural,1,2629,10.4,0,1,2015
Cape Coast side,Bono East,7.878630696021619,-1.0839998848028247,1,5.0,0,3.37,Sediment,Pipe-borne,2.3,9216,23959,479180,0.293,Boat access only,Rural,1,1581,11.7,0,0,2016
Takoradi fort,Central,5.34164425468115,-0.8694944176430747,1,2.9,0,4.7,Agricultural runoff,Tanker,1.6,9777,26082,495558,0.075,Seasonal road,Urban,0,640,6.2,0,0,2021
Cape Coast land,Upper East,11.109806559625861,-1.2715334998076289,1,7.1,0,3.1,Industrial waste,Borehole,6.0,11318,33228,465192,0.126,Footpath,Urban,1,3862,10.3,0,1,2023
Tema shire,Northern,9.061610717987781,-0.6410376465707561,1,14.2,0,1.32,None,Well,8.7,5163,15554,202202,0.192,Dirt road,Urban,1,4068,4.0,0,0,2023
Obuasi haven,Central,5.516549983806656,-0.781335087988487,1,14.6,0,0.93,None,Borehole,8.7,18249,48636,875448,0.046,Boat access only,Urban,1,2134,10.9,0,0,2018
Wa burgh,Greater Accra,5.586804907615021,-0.3506068026711658,1,14.8,0,4.45,Agricultural runoff,River,5.4,2628,9623,57738,0.068,Dirt road,Rural,1,4552,4.0,0,1,2016
Nkawkaw ton,Bono,7.473154865390059,-2.2996325227382575,1,15.9,0,1.21,None,Tanker,5.9,16399,41582,457402,0.025,Footpath,Rural,1,685,3.6,0,0,2017
Abuja mouth,Ahafo,7.692882343325472,-2.515525894500272,1,2.0,0,0.24,None,Dam,7.1,3579,12105,193680,0.02,Dirt road,Urban,1,526,8.0,0,0,2019
Aflao port,Volta,6.571705343448162,0.9216134092331926,1,18.3,0,3.2,Agricultural runoff,River,2.8,11715,40548,324384,0.099,Seasonal road,Urban,1,607,11.3,0,0,2020
Bawku stad,Northern,9.863336676069794,-1.4338614720906946,1,16.0,0,0.86,None,Borehole,8.1,7868,21667,130002,0.023,Asphalt road,Rural,0,3522,6.8,0,0,2020
Aflao haven,Ahafo,6.764712807077849,-2.5623904695865516,0,0.5,0,3.31,Mining waste,Pipe-borne,1.2,11466,40507,526591,0.3,Seasonal road,Rural,1,4971,10.6,0,0,2017
Dome burgh,Oti,8.02888838063592,-0.17948725573079666,1,2.7,0,3.93,Chemicals,Sachet water,3.0,14488,43416,303912,0.067,Dirt road,Urban,0,4546,9.2,0,0,2022
Cape Coast mouth,Bono East,8.026047270449485,-0.9354644954429456,1,19.3,0,4.12,Chemicals,Dam,5.9,6074,21393,192537,0.124,Dirt road,Rural,1,1563,4.5,1,0,2023
Tema mouth,North East,9.763889916041983,-0.22157651236778342,1,16.8,0,0.16,None,Sachet water,5.1,13223,44596,802728,0.206,Footpath,Rural,1,4212,11.7,0,1,2023
Dome land,Oti,7.458956613627615,0.5312131740493098,1,7.5,0,3.25,Parasites,Sachet water,3.9,12259,33052,661040,0.14,Asphalt road,Urban,0,3136,5.8,1,0,2018
Madina fort,Ahafo,6.987738143770094,-2.47288790615419,1,3.3,0,1.41,None,Pipe-borne,9.1,1863,8023,120345,0.247,Dirt road,Rural,0,882,5.9,1,0,2022
Kumasi view,Savannah,8.613225339837038,-1.6484770387458894,0,0.8,0,1.52,None,Rainwater,3.9,4286,16290,97740,0.3,Dirt road,Urban,1,3113,4.4,0,0,2016
Hohoe shire,North East,10.249318197229822,-0.0497315234441037,1,16.1,0,0.76,None,Pipe-borne,4.2,15172,44009,616126,0.289,Boat access only,Urban,1,3723,4.1,0,0,2019
Tamale shire,Volta,6.147237215187054,0.3507726946896611,1,19.8,0,4.17,Parasites,Tanker,8.4,9753,46545,744720,0.105,Asphalt road,Urban,1,604,3.5,0,0,2017
Sekondi mouth,Savannah,8.694434168465762,-1.5229150590944238,1,16.0,0,2.87,None,Tanker,1.2,9670,39728,238368,0.011,Dirt road,Urban,1,2139,6.3,1,0,2018
Koforidua mouth,Savannah,9.06023623878818,-2.252114738486185,1,3.6,0,0.29,None,Pipe-borne,5.3,12151,46646,513106,0.213,Boat access only,Rural,1,4549,7.9,1,1,2022
Nkawkaw haven,Northern,9.574602186483832,-0.6152109739374775,0,1.0,0,2.63,Mining waste,Sachet water,8.1,11881,33039,396468,0.3,Seasonal road,Rural,1,1475,10.1,0,0,2022
Madina town,North East,10.684991500354098,-0.33691173460169455,0,11.2,0,0.86,None,Well,8.7,9617,32635,456890,0.0885,Footpath,Urban,1,4817,3.3,1,0,2016
Bolgatanga fort,Western North,6.68638551161952,-3.2309038897596585,1,16.4,0,2.2,Bacteria,Rainwater,1.5,8340,30422,212954,0.193,Footpath,Urban,1,2495,3.6,0,0,2018
Sekondi stad,Northern,9.52035034254194,-1.0165796046241533,1,16.1,0,0.78,None,Borehole,4.2,6155,23049,184392,0.119,Footpath,Urban,0,4700,10.7,0,0,2023
Kumasi port,Western,5.858645436937418,-2.2873132172834407,1,16.8,1,4.57,Viruses,Rainwater,5.2,7835,26209,262090,0.021,Boat access only,Rural,1,2229,4.5,0,1,2022
Bolgatanga fort,North East,10.526507534448188,-0.08199488628832996,1,1.4,0,1.06,None,Pipe-borne,2.8,4102,10991,197838,0.05,Footpath,Rural,1,3449,4.0,0,0,2021
Bolgatanga side,Greater Accra,5.881978130916201,0.16046784384124152,0,2.8,0,3.0,Bacteria,Stream,6.2,2958,9027,153459,0.3,Asphalt road,Rural,0,4381,3.4,0,0,2018
Nkawkaw town,Ashanti,6.746274860443253,-1.0941237755754218,0,5.0,0,4.05,Heavy metals,River,5.2,9098,41225,329800,0.2475,Dirt road,Rural,1,3522,8.3,1,0,2023
Bawku berg,North East,10.718108372012587,-0.4735286204181022,1,14.2,0,1.04,None,Stream,9.0,5793,15058,120464,0.216,Seasonal road,Urban,0,2019,8.9,0,0,2022
Hohoe mouth,Upper West,10.351197284079639,-2.6926623956383975,1,9.9,0,2.73,Chemicals,Tanker,3.2,4693,21166,232826,0.0,Asphalt road,Rural,0,2763,10.3,0,0,2022
Tema town,North East,9.806305882316671,-0.7943487416124909,1,14.7,0,4.19,Chemicals,Well,6.1,8908,23469,234690,0.274,Boat access only,Rural,1,3117,10.2,0,0,2016
Madina fort,Upper East,10.453786457922412,-0.7636787707720946,0,2.8,0,0.25,None,Rainwater,2.9,12327,46682,840276,0.3,Seasonal road,Urban,1,3739,11.1,1,0,2019
Ho ton,Ashanti,6.645198244458322,-1.4285962644779422,0,9.1,0,4.05,Bacteria,River,5.7,6043,24513,245130,0.3,Footpath,Rural,0,1544,9.4,1,1,2020
Ho fort,Western North,6.572551407915506,-2.6217293720170973,1,12.4,0,0.47,None,Well,8.4,12592,46662,559944,0.018,Dirt road,Rural,1,1318,4.1,0,1,2022
Madina fort,Western,5.1358593656652785,-2.0216321623267737,1,3.0,1,3.53,None,Borehole,2.4,12523,35073,210438,0.217,Asphalt road,Rural,0,834,6.3,0,1,2022
Dome town,Oti,8.151022089886654,0.4547485505802384,1,17.9,0,0.87,None,River,1.1,5829,20818,166544,0.295,Dirt road,Urban,0,4008,11.0,0,1,2016
Takoradi fort,Oti,8.096917458587873,0.4314260046413508,1,10.8,0,1.18,None,Pipe-borne,8.8,997,4558,91160,0.2,Seasonal road,Urban,0,2190,8.8,0,0,2018
Sunyani mouth,Eastern,6.069490734572232,-0.02781390350983337,1,17.1,0,3.64,Viruses,Stream,7.9,7002,34372,412464,0.281,Seasonal road,Urban,0,589,9.1,0,0,2015
Tamale ton,North East,10.743676521338516,-0.5786502597330214,1,0.4,0,1.19,None,Lake,5.2,10673,37070,296560,0.109,Seasonal road,Urban,1,4172,4.3,1,0,2022
Ho shire,Northern,9.842884628075163,-1.0105672993818589,1,11.5,0,2.44,Bacteria,Lake,6.9,2972,8131,65048,0.042,Footpath,Urban,0,2557,6.4,1,0,2019
Takoradi land,Savannah,8.985850146780349,-2.02088364331068,0,17.8,1,9.33,Parasites,Borehole,4.5,7186,19728,394560,0.0315,Footpath,Urban,0,2717,11.1,0,0,2018
Hohoe mouth,Central,5.156881129265209,-1.486838908353895,1,4.6,0,1.21,None,Well,4.9,18114,46806,655284,0.201,Footpath,Urban,1,628,8.2,0,0,2020
Tema mouth,North East,10.133439582581893,-0.893294689735431,1,5.4,0,0.69,None,Well,9.0,9779,48601,388808,0.109,Asphalt road,Rural,1,3191,7.8,0,0,2022
Bolgatanga stad,Oti,8.260483007286513,0.11576233058048163,1,17.8,0,0.31,None,Rainwater,1.4,1587,5505,77070,0.228,Dirt road,Rural,1,1295,10.6,0,0,2018
Takoradi borough,North East,10.646245253989402,-0.06281331040855398,1,8.3,0,0.42,None,Rainwater,9.0,5948,19109,343962,0.174,Footpath,Urban,0,1454,4.9,0,0,2018
Techiman side,Savannah,8.74321448256654,-1.494704561913541,0,7.5,0,4.34,Mining waste,Sachet water,1.1,15693,39702,754338,0.10649999999999998,Dirt road,Urban,0,3057,6.1,0,0,2016
Bolgatanga furt,Upper East,10.831207336461235,-0.5609700417561327,1,0.2,0,1.96,None,Sachet water,6.0,13486,48707,681898,0.288,Asphalt road,Urban,1,4484,9.6,1,1,2022
Tamale shire,Western North,6.052494705027191,-3.2610241896485053,0,11.8,0,0.97,None,Tanker,9.8,968,4637,69555,0.3,Dirt road,Rural,1,4666,10.3,0,0,2022
Sekondi shire,Northern,9.070108407267139,-1.0977173423460513,1,9.6,0,2.81,Viruses,Stream,1.0,2320,6901,103515,0.225,Footpath,Rural,0,2057,6.9,0,1,2017
Kumasi berg,Ahafo,6.89387615413494,-2.998841160270109,1,12.8,0,2.12,Viruses,Tanker,8.2,762,3364,16820,0.155,Asphalt road,Rural,1,919,10.1,1,0,2021
Techiman borough,Ahafo,7.32268730279769,-2.5230311555275735,0,13.5,0,3.09,Mining waste,Pipe-borne,3.5,5232,23240,418320,0.3,Seasonal road,Rural,0,4315,7.2,0,0,2018
Sunyani chester,North East,9.819959412259898,-0.7803680285928125,0,7.3,0,1.16,None,Well,8.1,2207,9017,126238,0.2475,Asphalt road,Urban,0,2335,6.2,1,0,2022
Sunyani port,Oti,7.814528003721625,-0.11654589029113144,0,1.4,0,1.67,None,Sachet water,6.8,5807,21808,239888,0.015,Dirt road,Urban,1,1945,4.0,0,1,2022
Bawku ville,Bono East,7.909825473168086,-1.3214565185339069,1,18.0,0,0.17,None,Tanker,6.3,17845,44728,849832,0.236,Seasonal road,Urban,1,904,10.2,0,0,2019
Sekondi mouth,Upper West,10.807745461045977,-2.528729772804446,1,2.3,0,1.99,None,Lake,1.6,11363,36726,293808,0.094,Boat access only,Rural,0,3033,6.4,1,0,2023
Techiman port,North East,10.711885112180136,-0.07467273718693279,1,12.2,0,3.07,Parasites,Lake,1.8,5848,16311,260976,0.069,Dirt road,Rural,1,4697,9.4,0,0,2021
Kumasi burgh,Bono East,7.879990151513183,-1.2666337974290107,1,17.2,0,0.32,None,Sachet water,5.7,1935,7624,68616,0.005,Seasonal road,Rural,1,1809,10.0,0,0,2017
Sekondi town,Greater Accra,5.22844159194036,0.16948997760442447,0,7.5,1,5.67,Industrial waste,Stream,4.6,1533,5624,28120,0.2355,Asphalt road,Rural,0,1224,10.1,1,0,2021
Dome port,Ahafo,6.766487104764552,-2.3307003690700525,1,14.8,0,4.56,Bacteria,Pipe-borne,4.2,2269,9384,75072,0.109,Dirt road,Urban,0,2399,8.6,0,0,2019
Tema furt,Bono,7.480563131381604,-2.9353519220084885,1,7.3,0,1.93,None,Pipe-borne,9.8,12074,32024,416312,0.262,Boat access only,Urban,1,2795,11.5,0,0,2020
Sunyani ville,Ashanti,6.508846120080264,-1.9706650721013164,1,2.4,0,1.58,None,River,7.6,2820,8398,67184,0.099,Seasonal road,Urban,0,3443,4.1,0,0,2018
Nkawkaw chester,Ahafo,7.061372042207168,-2.3823193150802986,1,3.6,0,2.7,Chemicals,Sachet water,8.9,6054,26487,529740,0.202,Seasonal road,Rural,1,1628,4.5,0,1,2019
Bawku stad,Ashanti,6.6736196169285495,-1.3287194890301837,0,19.7,1,3.42,Mining waste,Tanker,4.3,7124,33373,200238,0.3,Asphalt road,Urban,0,603,10.0,0,0,2016
Dome ton,Ashanti,6.6185614885061375,-1.6668984510072007,1,1.9,0,2.13,Sediment,Lake,2.4,8645,22864,274368,0.24,Dirt road,Urban,1,3508,3.5,0,0,2017
Dome shire,Bono,7.951672666204265,-2.5087274062254106,1,7.1,0,1.96,None,Borehole,2.1,7575,20138,362484,0.055,Dirt road,Rural,1,3825,11.9,0,0,2017
Bawku chester,Northern,9.261827759367543,-0.8675747289149086,1,14.5,0,1.23,None,Rainwater,6.8,10945,36480,474240,0.25,Asphalt road,Urban,0,2046,3.5,0,0,2021
Techiman port,Bono,7.905365777124728,-2.706387202873566,1,19.5,0,0.76,None,Pipe-borne,9.6,12704,32525,422825,0.158,Asphalt road,Rural,1,4868,4.5,0,0,2017
Ho port,North East,10.12439692527181,-0.9866054546199119,0,2.9,0,1.17,None,Tanker,2.2,5701,14816,296320,0.1635,Dirt road,Rural,1,4736,7.0,1,0,2016
Cape Coast borough,Upper East,10.42992001176317,-0.44738174038881484,1,12.5,0,1.14,None,Tanker,1.8,4885,16516,313804,0.064,Boat access only,Urban,1,1286,4.0,0,0,2019
Hohoe port,Savannah,8.70861392514942,-1.8168797368885299,1,3.6,0,3.87,Bacteria,Dam,4.3,7436,23851,143106,0.297,Boat access only,Urban,0,3051,11.9,0,0,2018
Sekondi shire,Upper West,10.334941539210597,-2.694255534416306,1,12.4,0,3.78,Sediment,Rainwater,1.4,695,2157,15099,0.08,Asphalt road,Rural,0,3008,4.4,0,0,2015
Tema ville,Volta,6.12597085812067,0.5910238173711104,0,14.7,0,4.13,Viruses,Dam,1.2,9238,36886,627062,0.21749999999999997,Boat access only,Rural,1,3510,7.4,0,0,2015
Hohoe ville,Greater Accra,5.256420481353313,-0.30096021925471644,1,7.1,0,1.56,None,Sachet water,1.0,8844,34057,578969,0.23,Dirt road,Rural,1,3640,11.4,0,0,2023
Madina stad,Oti,7.9956379300676,0.6843376282358613,1,8.9,0,1.83,None,Tanker,4.3,3677,16423,82115,0.194,Boat access only,Rural,1,2355,9.5,0,0,2015
Sekondi burgh,Savannah,8.596916497954203,-2.063412912182364,1,2.5,0,1.6,None,Sachet water,2.8,7104,32073,352803,0.071,Seasonal road,Urban,1,1122,7.6,0,1,2020
Wa view,Western,5.5221114535142295,-2.126837124619284,0,10.9,0,4.65,Heavy metals,Borehole,8.8,2405,7198,50386,0.22649999999999998,Seasonal road,Rural,1,2285,4.1,0,0,2017
Sekondi land,Upper East,10.687182939361307,-1.0482253262947725,1,12.1,0,2.67,Industrial waste,River,4.6,2768,11499,160986,0.215,Footpath,Urban,1,4702,5.1,0,1,2018
Tamale mouth,Eastern,6.5640802803525595,-0.021373208216772355,1,14.0,0,0.86,None,Pipe-borne,9.2,51,215,1505,0.265,Footpath,Urban,1,1177,8.1,0,0,2021
Nkawkaw furt,Savannah,8.610994363154399,-1.3271902753673925,1,15.1,0,1.9,None,Dam,3.7,8032,22200,355200,0.235,Dirt road,Rural,1,963,4.7,0,0,2022
Kumasi side,Bono,7.976405013733466,-2.1965822235617236,1,11.5,0,3.71,None,Stream,8.9,6238,31039,341429,0.204,Seasonal road,Rural,0,1834,3.7,1,1,2018
Madina mouth,Greater Accra,5.640598674047748,-0.5752510742692913,0,6.4,0,2.06,Mining waste,Lake,8.4,11336,46551,465510,0.3,Dirt road,Urban,1,1767,11.6,0,0,2023
Sekondi port,Eastern,6.056753848770556,-0.21059657776803276,1,14.3,0,0.64,None,Pipe-borne,4.1,5880,18214,327852,0.013,Boat access only,Rural,1,2581,8.7,1,0,2015
Tema chester,Oti,8.010393546225705,-0.12474288330547795,1,11.2,0,1.16,None,Pipe-borne,5.2,12630,37992,265944,0.123,Footpath,Rural,1,4437,9.6,1,0,2020
Tema mouth,Eastern,6.5688864702610825,-0.7355765225299424,0,18.7,0,3.24,Mining waste,Well,9.0,11354,39854,318832,0.192,Seasonal road,Rural,0,588,4.1,0,0,2019
Abuja stad,North East,10.462939612221051,-0.8195327811751678,1,16.5,0,2.59,Chemicals,Lake,3.7,897,3282,36102,0.213,Seasonal road,Rural,0,4397,9.5,1,0,2019
Aflao land,Ahafo,7.3507103958181474,-2.165753812894575,0,1.1,0,4.32,Mining waste,River,4.9,10540,41726,208630,0.3,Footpath,Urban,1,1109,11.6,1,0,2018
Takoradi burgh,Bono,8.098879910765811,-2.757982274365913,1,10.3,0,0.15,None,Well,5.1,862,3777,75540,0.299,Asphalt road,Urban,0,4997,3.7,0,1,2022
Sekondi furt,Upper East,11.24816018436497,-1.1587171145694408,1,16.2,0,2.11,Viruses,Sachet water,8.7,5124,24744,296928,0.25,Asphalt road,Rural,1,3886,4.4,1,0,2017
Hohoe ville,Upper East,10.43029273535565,-0.708088763367829,0,5.6,0,2.65,Heavy metals,Sachet water,6.0,12030,49961,749415,0.3,Seasonal road,Urban,1,3185,7.3,1,0,2017
Sekondi port,Oti,7.6524491637671055,0.23331997756656758,1,11.5,0,1.98,None,Pipe-borne,8.0,2357,5992,59920,0.262,Boat access only,Urban,0,3243,7.4,0,1,2023
Tema berg,Upper West,10.649756058368705,-2.527954884572508,1,8.9,0,2.29,Industrial waste,Sachet water,7.6,1465,6712,114104,0.179,Seasonal road,Urban,0,2667,5.0,1,0,2018
Sekondi mouth,Upper East,10.508897133401721,-0.895847809844438,1,2.7,0,3.4,Sediment,Sachet water,9.0,8318,30827,369924,0.226,Asphalt road,Urban,1,4367,5.6,0,0,2023
Aflao borough,Greater Accra,5.492626964866002,0.10087161361189728,1,10.9,0,2.98,Viruses,Lake,9.1,9382,30796,400348,0.089,Seasonal road,Urban,1,2829,9.1,0,0,2016
Tamale view,Greater Accra,5.578876088757365,0.258587118989754,1,8.3,0,2.16,Bacteria,Lake,1.9,9404,27660,221280,0.277,Asphalt road,Urban,1,2068,9.7,0,1,2022
Dome mouth,Ashanti,7.022238062811795,-1.6650668808989328,1,5.6,0,0.06,None,Pipe-borne,6.2,4651,21873,131238,0.167,Dirt road,Urban,1,944,3.1,1,0,2023
Tamale ville,Ahafo,7.366908386656134,-2.3403497654368786,1,12.1,0,0.77,None,Lake,9.7,11453,34334,686680,0.274,Footpath,Rural,1,2788,4.7,0,0,2020
Abuja furt,Savannah,9.332543787970646,-1.6873207710256,1,11.3,0,0.18,None,Borehole,6.3,106,303,4242,0.024,Asphalt road,Rural,1,4758,3.7,1,0,2019
Techiman shire,Upper West,10.634600686614151,-2.344551576198967,0,0.2,0,3.98,Heavy metals,Tanker,3.1,9536,39407,472884,0.099,Boat access only,Urban,1,915,6.8,1,0,2022
Takoradi furt,Upper West,10.626839967663019,-2.770235558795137,1,6.1,0,3.25,Heavy metals,Rainwater,7.0,11915,38120,609920,0.003,Asphalt road,Rural,0,2194,6.4,0,1,2019
Bolgatanga chester,Upper East,10.463532899153938,-0.4093444232785278,1,10.6,0,2.89,None,Stream,3.4,3819,18832,320144,0.015,Dirt road,Urban,0,615,3.7,0,0,2015
Kumasi fort,Upper West,10.295563782846001,-2.7344443802745433,0,2.0,0,4.53,None,Well,4.2,12193,42441,806379,0.3,Asphalt road,Rural,0,588,11.6,0,0,2019
Takoradi town,Northern,9.625081045140425,-0.8638135889802724,1,12.8,0,0.75,None,Well,2.4,729,2280,20520,0.131,Dirt road,Rural,1,3679,10.8,0,0,2020
Tamale view,Ahafo,7.604342626188441,-2.1965695308191657,1,19.7,0,2.24,Chemicals,Rainwater,8.6,13672,40540,445940,0.172,Seasonal road,Rural,0,1456,10.8,0,1,2017
Sekondi bury,Bono,7.725087285170255,-2.6835329154314946,1,0.2,0,2.55,Industrial waste,Rainwater,4.7,72,254,4826,0.252,Seasonal road,Urban,1,816,4.9,1,0,2018
Tamale berg,Central,5.308712500388017,-0.9490111458637783,1,16.6,1,3.14,Parasites,Lake,3.9,7365,31599,568782,0.011,Boat access only,Rural,0,4276,6.9,0,0,2016
Cape Coast ton,Central,5.587500011592889,-1.177771975740211,0,6.1,0,4.25,Heavy metals,Rainwater,6.3,5733,18933,321861,0.3,Footpath,Rural,0,4125,9.8,0,0,2015
Madina ville,Savannah,8.62392552726961,-2.008736040694962,1,0.6,0,2.71,Parasites,Borehole,8.4,2283,5779,46232,0.286,Footpath,Rural,1,2915,4.9,0,1,2018
Sunyani shire,Central,5.240679249245234,-1.2201874905615129,1,14.3,0,0.95,None,Well,4.0,10300,29662,444930,0.087,Footpath,Urban,1,3422,4.4,1,0,2017
Tema chester,Savannah,8.635665461316364,-2.2136710547971017,1,13.4,0,2.94,Industrial waste,Dam,2.3,11599,29754,267786,0.056,Dirt road,Rural,1,4301,9.5,1,0,2017
Techiman haven,Western,5.180088987860867,-2.9337490017026266,0,19.3,1,5.43,Bacteria,Lake,8.0,2008,9170,174230,0.093,Boat access only,Rural,1,1908,5.4,1,0,2021
Takoradi town,North East,10.26076416738899,-0.6088966895614693,1,8.7,0,0.67,None,Pipe-borne,9.4,7581,27696,360048,0.037,Asphalt road,Rural,1,4662,5.8,1,1,2023
Wa ville,Eastern,6.927964422545271,-0.23394565366231856,1,16.4,0,3.79,Sediment,Rainwater,6.7,7267,21956,351296,0.264,Seasonal road,Rural,1,545,5.2,1,0,2015
Tamale fort,Ahafo,7.219744556955936,-2.68943605197973,1,13.3,0,1.99,None,Lake,6.8,9307,45451,318157,0.043,Dirt road,Rural,1,2237,6.2,0,0,2023
Sekondi ville,Eastern,6.531720316448689,-0.7932871088045919,1,14.3,0,3.26,Bacteria,Lake,6.9,12404,40683,203415,0.182,Seasonal road,Rural,0,1049,5.9,1,0,2018
Sekondi shire,Ashanti,6.654894747094768,-1.5880746831645383,1,0.2,0,1.97,None,Sachet water,6.1,9654,28786,575720,0.009,Footpath,Rural,1,3029,11.8,1,0,2022
Hohoe port,Central,5.747518245860088,-1.1195635770373333,0,2.1,1,1.64,None,Lake,2.8,1876,5858,52722,0.27449999999999997,Dirt road,Urban,1,3368,6.9,0,0,2015
Obuasi fort,Eastern,6.513320535804316,-0.19560828951102238,1,15.7,0,4.16,Parasites,Pipe-borne,6.8,7765,21337,170696,0.031,Dirt road,Urban,0,2918,4.8,0,0,2016
Madina port,Oti,7.761639260948619,0.1841152641445905,1,2.5,0,3.77,Sediment,Pipe-borne,7.5,6809,21212,275756,0.069,Boat access only,Rural,0,2359,6.2,1,0,2021
Techiman stad,Volta,7.07272071622807,0.4890216875874408,1,5.0,0,0.11,None,Dam,5.4,4218,12537,125370,0.195,Asphalt road,Rural,0,3967,5.1,0,0,2023
Hohoe mouth,Bono East,7.609300906730446,-1.1000857875633647,1,5.5,0,1.8,None,Lake,5.8,5613,24066,216594,0.246,Seasonal road,Urban,0,2722,6.8,0,1,2019
Tema shire,Volta,6.5672379044569436,0.8667996945161964,1,5.5,0,1.73,None,Rainwater,4.3,597,2836,22688,0.015,Asphalt road,Rural,0,3037,11.0,1,0,2019
Tamale land,Bono East,7.321978466479584,-1.3016903930862784,0,18.9,0,2.67,Mining waste,Well,6.5,13100,48198,771168,0.1605,Dirt road,Rural,1,1867,3.1,0,0,2017
Bawku view,Western,5.658127796016547,-2.8217193813905235,1,5.6,0,1.12,None,Lake,7.0,11580,44083,484913,0.141,Seasonal road,Rural,0,1190,5.3,0,0,2023
Tamale chester,North East,10.187031888478652,-0.720446247917527,0,12.7,1,6.6,Agricultural runoff,Sachet water,5.2,8214,33688,640072,0.29100000000000004,Seasonal road,Rural,1,2834,4.7,0,0,2016
Kumasi ville,Ashanti,6.563894865727344,-1.5732125391537306,1,4.0,0,0.36,None,Dam,4.0,10799,31298,469470,0.008,Footpath,Urban,0,3376,7.1,0,0,2019
Obuasi shire,Volta,6.110234971031012,0.4060600379605702,0,6.1,0,0.77,None,Dam,5.2,5736,18930,246090,0.3,Boat access only,Urban,0,904,5.2,1,0,2023
Abuja ville,Eastern,6.397914810403351,-0.2484071037385902,1,13.5,0,1.17,None,Sachet water,2.1,2339,6469,103504,0.115,Footpath,Urban,1,3981,8.3,0,0,2023
Techiman land,North East,10.703884904486324,-0.8684970182237614,1,1.2,0,3.99,Chemicals,Pipe-borne,2.9,16277,45973,597649,0.271,Footpath,Urban,0,4978,5.0,1,0,2023
Ho mouth,Upper East,10.380404544383488,-1.11031908985354,1,16.4,0,1.2,None,Tanker,6.2,13987,42563,297941,0.193,Seasonal road,Rural,1,1751,6.5,1,0,2015
Ho borough,Bono East,7.843407388217326,-1.3422651463871547,1,12.5,0,0.17,None,Dam,7.1,8146,29393,470288,0.149,Boat access only,Urban,1,681,5.2,0,0,2016
Abuja haven,Bono East,7.972766204511843,-1.0355401063618368,1,2.7,0,4.23,Parasites,Stream,4.3,9203,45096,766632,0.039,Boat access only,Rural,0,2361,11.3,0,0,2020
Dome shire,Northern,9.98174450890942,-0.7219003312912529,1,18.8,0,1.29,None,Well,5.6,13591,41742,667872,0.157,Boat access only,Rural,0,584,10.2,0,0,2016
Obuasi ton,Western,5.859578110350483,-2.4981469141830606,1,8.0,0,1.51,None,Stream,9.6,12208,41122,740196,0.068,Boat access only,Rural,1,1806,6.9,0,1,2018
Ho ton,Upper West,10.24948569556387,-2.5191917112295705,1,11.9,0,3.68,Viruses,Borehole,3.6,1096,3471,24297,0.246,Dirt road,Urban,1,2701,10.5,0,1,2016
Sekondi view,Savannah,9.358238110515055,-1.3719654987450127,1,4.5,0,1.65,None,Sachet water,6.2,14736,45350,725600,0.108,Footpath,Rural,0,767,9.2,0,0,2019
Techiman bury,Northern,9.532871242984498,-0.6372578477637886,0,7.2,1,5.36,Agricultural runoff,Rainwater,2.1,10257,31850,350350,0.273,Asphalt road,Urban,1,4784,6.7,0,0,2015
Kumasi view,Greater Accra,6.032585814950276,-0.4954833230839298,1,5.9,0,1.92,None,Stream,1.2,11416,30709,583471,0.039,Footpath,Rural,0,2454,3.8,0,0,2019
Tema furt,Volta,6.762810601867447,0.0060296623401202565,1,19.3,0,4.1,None,Dam,1.0,644,1770,23010,0.046,Dirt road,Rural,1,3043,9.4,0,0,2015
Tamale port,Ahafo,7.1051707873423595,-2.587849272151906,1,3.6,0,2.3,Sediment,Rainwater,7.8,1577,6215,124300,0.254,Seasonal road,Rural,0,1095,10.8,0,0,2018
Bolgatanga borough,Upper East,10.357872727840455,-0.8099404532093698,1,13.9,0,0.44,None,Dam,6.2,8427,21077,147539,0.037,Seasonal road,Urban,1,1530,6.5,1,0,2020
Sunyani mouth,Upper West,10.612437843976535,-2.5851911959104497,0,16.8,0,4.31,Heavy metals,Rainwater,4.2,3380,12529,225522,0.3,Dirt road,Urban,1,1619,9.8,0,0,2020
Dome haven,Central,5.810615970948466,-0.9046660836408675,0,17.8,0,3.68,Mining waste,Dam,2.4,9731,43548,696768,0.11699999999999999,Footpath,Urban,1,4657,4.6,0,0,2017
Dome fort,Northern,9.533575251442203,-1.0588705529809008,0,8.2,1,9.23,Viruses,Dam,5.3,162,711,10665,0.3,Footpath,Rural,0,2469,5.3,0,0,2023
Aflao ville,Eastern,6.829477598609679,-0.3700436256312343,1,5.8,0,0.72,None,Well,9.4,13861,48027,768432,0.202,Boat access only,Urban,0,3012,9.8,1,0,2016
Cape Coast berg,Western North,5.831486116600253,-2.530927540539084,1,4.7,0,4.43,Industrial waste,Sachet water,3.7,4862,18206,218472,0.203,Boat access only,Urban,0,3493,7.7,0,0,2021
Madina stad,Central,5.3318561319313265,-0.8731439221219844,1,8.6,0,3.3,Viruses,Dam,3.3,14446,43988,219940,0.289,Seasonal road,Urban,0,2937,10.3,0,0,2018
Koforidua land,Eastern,6.9168855147514865,-0.4016001338926647,1,15.5,0,4.51,Sediment,Pipe-borne,5.5,4087,16932,118524,0.042,Seasonal road,Urban,1,2503,11.9,0,0,2021
Kumasi mouth,Central,5.010595278198525,-0.640455861910707,1,11.5,0,0.87,None,Dam,5.1,1872,7745,100685,0.074,Boat access only,Rural,0,2536,8.9,0,0,2023
Hohoe berg,Savannah,8.7392357747277,-1.6578757750523003,1,1.8,0,3.96,Parasites,Rainwater,8.9,6609,26959,242631,0.154,Seasonal road,Rural,1,2967,4.9,0,0,2019
Abuja burgh,Greater Accra,6.0149357548405815,-0.5350954419802871,1,3.4,0,1.27,None,Sachet water,1.4,3386,9444,47220,0.178,Asphalt road,Urban,1,2520,4.8,1,0,2018
Tema fort,Bono East,7.593482950022595,-1.5232791169509279,1,9.9,1,1.08,None,River,1.9,11529,44420,755140,0.239,Asphalt road,Rural,1,3548,11.9,1,1,2022
Hohoe haven,Bono,8.096540510877839,-2.768634221066005,0,2.2,1,6.65,Bacteria,Rainwater,1.2,5383,24634,492680,0.1305,Asphalt road,Urban,0,4678,6.0,1,1,2016
Madina berg,Oti,8.34499438479445,0.6739423230560182,1,12.2,1,3.67,Sediment,Pipe-borne,7.2,16880,42480,552240,0.274,Footpath,Urban,0,3124,11.7,1,0,2017
Obuasi ton,Upper West,10.665687781020573,-2.6187239341247457,0,18.8,0,2.83,Heavy metals,Tanker,2.1,786,3604,72080,0.0795,Asphalt road,Rural,1,4156,8.4,0,0,2016
Tema mouth,Central,5.7426866672878205,-0.6072227186433055,1,9.0,0,4.47,Viruses,Sachet water,4.9,8072,31047,620940,0.137,Dirt road,Rural,0,4003,11.1,0,0,2017
Sunyani ville,Central,5.4864863250852665,-0.7887226349271196,1,15.6,0,1.69,None,Dam,5.4,8148,20648,165184,0.284,Dirt road,Rural,1,1633,8.2,1,0,2020
Bawku berg,Greater Accra,5.128234903582031,0.11113255332356914,0,1.8,0,2.06,Mining waste,Dam,5.1,1221,5630,28150,0.201,Boat access only,Rural,0,3808,9.3,0,0,2017
Tamale port,Northern,9.04932006386254,-0.8832968803598558,1,12.0,0,4.29,Viruses,Pipe-borne,2.1,6669,17432,122024,0.032,Seasonal road,Rural,0,1767,8.0,0,0,2021
Tamale ville,Upper East,11.030567382658907,-0.8513874872393504,1,9.0,0,4.31,Sediment,River,8.4,4720,20603,412060,0.14,Dirt road,Urban,0,2620,4.3,0,1,2019
Madina fort,Volta,6.216472802831852,0.10381455611695645,1,4.8,0,1.57,None,Pipe-borne,6.1,8452,38203,534842,0.174,Dirt road,Rural,1,760,3.1,0,0,2015
Tamale furt,Oti,8.137453387115528,0.5189337988784464,0,3.2,0,2.9,Mining waste,Rainwater,7.5,17051,45473,409257,0.012,Asphalt road,Urban,0,3225,5.4,1,0,2019
Obuasi town,Ashanti,6.721944566516098,-1.304558642905211,0,13.2,1,5.86,Sediment,Stream,7.2,10142,29946,479136,0.043500000000000004,Asphalt road,Urban,1,3497,6.4,0,0,2016
Wa port,North East,10.324512840450287,-0.34346922415916215,1,19.1,0,2.93,Agricultural runoff,Borehole,9.4,4096,15761,315220,0.183,Dirt road,Rural,0,776,6.1,1,0,2015
Tamale berg,Northern,9.007035997901044,-1.2055495591649446,1,2.4,0,0.54,None,Well,8.2,8541,39849,717282,0.033,Boat access only,Rural,1,1074,5.7,0,1,2020
Nkawkaw berg,Greater Accra,5.764333415892809,-0.33086000270701116,0,11.7,1,8.2,Bacteria,Rainwater,5.6,5485,24506,196048,0.0105,Seasonal road,Urban,1,1037,11.3,0,0,2015
Tamale burgh,Central,5.80389222130971,-0.9399253886914346,1,9.4,0,1.84,None,Rainwater,10.0,5012,18468,203148,0.069,Asphalt road,Rural,1,1813,8.1,0,0,2015
Kumasi mouth,Western North,5.925258705551051,-3.1123226763710656,0,7.5,1,8.59,Industrial waste,Lake,3.3,11383,44816,358528,0.063,Seasonal road,Urban,1,4495,7.7,0,0,2017
Takoradi furt,Bono East,7.834460680693437,-1.0022387986245418,0,12.1,0,1.57,None,Dam,3.8,18125,47998,383984,0.3,Dirt road,Urban,0,658,8.4,1,0,2021
Kumasi chester,Greater Accra,5.2375270542376064,-0.5841493771441166,1,7.5,0,1.74,None,River,2.0,3649,10113,50565,0.052,Boat access only,Rural,1,540,10.1,0,0,2021
Tamale chester,Savannah,8.723834779610524,-1.8119825974998056,0,14.6,1,6.82,Sediment,Well,8.5,2839,9446,188920,0.069,Seasonal road,Rural,0,2425,6.9,0,0,2021
Aflao mouth,Oti,7.924572631813551,-0.14116593103885738,1,3.8,0,4.58,Parasites,Rainwater,2.0,11528,34172,239204,0.068,Seasonal road,Rural,1,4593,8.7,0,0,2017
Techiman haven,Western North,6.600940871430481,-3.136567131102307,1,8.9,0,4.48,None,River,3.7,316,1219,17066,0.239,Boat access only,Rural,1,4926,5.4,0,0,2019
Sekondi mouth,Volta,6.64752763790571,0.5068260199917766,1,13.5,0,1.4,None,Sachet water,8.6,2434,9785,97850,0.015,Dirt road,Rural,0,1391,6.3,1,1,2021
Abuja haven,Eastern,6.883444732766815,-0.7062582081492064,1,12.6,0,4.58,Bacteria,Borehole,9.5,14373,39528,237168,0.265,Seasonal road,Rural,0,1095,11.9,1,0,2023
